timestamp_s,tag_detected,object_detected,cm_per_px,object_x_px,object_y_px,instant_cm_s,average_cm_s,distance_total_cm,valid,reason
1777384558.715267,False,False,0.00000000,-1,-1,0.000000,0.000000,0.000000,False,Sin AprilTag: medicion congelada
1777384558.815161,False,False,0.00000000,-1,-1,0.000000,0.000000,0.000000,False,Sin AprilTag: medicion congelada
1777384558.849576,False,False,0.00000000,-1,-1,0.000000,0.000000,0.000000,False,Sin AprilTag: medicion congelada
1777384558.901638,False,False,0.00000000,-1,-1,0.000000,0.000000,0.000000,False,Sin AprilTag: medicion congelada
1777384558.967515,False,False,0.00000000,-1,-1,0.000000,0.000000,0.000000,False,Sin AprilTag: medicion congelada
1777384559.017308,False,False,0.00000000,-1,-1,0.000000,0.000000,0.000000,False,Sin AprilTag: medicion congelada
1777384559.067461,False,False,0.00000000,-1,-1,0.000000,0.000000,0.000000,False,Sin AprilTag: medicion congelada
1777384559.101763,False,False,0.00000000,-1,-1,0.000000,0.000000,0.000000,False,Sin AprilTag: medicion congelada
1777384559.151969,False,False,0.00000000,-1,-1,0.000000,0.000000,0.000000,False,Sin AprilTag: medicion congelada
1777384559.217416,False,False,0.00000000,-1,-1,0.000000,0.000000,0.000000,False,Sin AprilTag: medicion congelada
1777384559.284141,False,False,0.00000000,-1,-1,0.000000,0.000000,0.000000,False,Sin AprilTag: medicion congelada
1777384559.333072,False,True,0.00000000,303,472,0.000000,0.000000,0.000000,False,Sin AprilTag: medicion congelada
1777384559.384089,False,True,0.00000000,305,449,0.000000,0.000000,0.000000,False,Sin AprilTag: medicion congelada
1777384559.450302,False,True,0.00000000,289,430,0.000000,0.000000,0.000000,False,Sin AprilTag: medicion congelada
1777384559.516659,False,True,0.00000000,265,387,0.000000,0.000000,0.000000,False,Sin AprilTag: medicion congelada
1777384559.567320,False,True,0.00000000,280,378,0.000000,0.000000,0.000000,False,Sin AprilTag: medicion congelada
1777384559.665457,False,True,0.00000000,277,369,0.000000,0.000000,0.000000,False,Sin AprilTag: medicion congelada
1777384559.715651,False,True,0.00000000,280,351,0.000000,0.000000,0.000000,False,Sin AprilTag: medicion congelada
1777384559.764469,False,True,0.00000000,280,347,0.000000,0.000000,0.000000,False,Sin AprilTag: medicion congelada
1777384559.798184,False,True,0.00000000,281,348,0.000000,0.000000,0.000000,False,Sin AprilTag: medicion congelada
1777384559.832164,False,True,0.00000000,284,344,0.000000,0.000000,0.000000,False,Sin AprilTag: medicion congelada
1777384559.883535,False,True,0.00000000,284,344,0.000000,0.000000,0.000000,False,Sin AprilTag: medicion congelada
1777384559.948284,False,True,0.00000000,289,342,0.000000,0.000000,0.000000,False,Sin AprilTag: medicion congelada
1777384559.998980,False,True,0.00000000,288,338,0.000000,0.000000,0.000000,False,Sin AprilTag: medicion congelada
1777384560.065826,False,True,0.00000000,292,326,0.000000,0.000000,0.000000,False,Sin AprilTag: medicion congelada
1777384560.115193,False,True,0.00000000,291,324,0.000000,0.000000,0.000000,False,Sin AprilTag: medicion congelada
1777384560.165882,False,True,0.00000000,290,323,0.000000,0.000000,0.000000,False,Sin AprilTag: medicion congelada
1777384560.216367,False,True,0.00000000,290,323,0.000000,0.000000,0.000000,False,Sin AprilTag: medicion congelada
1777384560.273484,False,True,0.00000000,288,321,0.000000,0.000000,0.000000,False,Sin AprilTag: medicion congelada
1777384560.339183,False,True,0.00000000,288,315,0.000000,0.000000,0.000000,False,Sin AprilTag: medicion congelada
1777384560.405898,False,True,0.00000000,287,319,0.000000,0.000000,0.000000,False,Sin AprilTag: medicion congelada
1777384560.473083,False,True,0.00000000,290,317,0.000000,0.000000,0.000000,False,Sin AprilTag: medicion congelada
1777384560.537901,False,True,0.00000000,289,324,0.000000,0.000000,0.000000,False,Sin AprilTag: medicion congelada
1777384560.572081,False,True,0.00000000,289,331,0.000000,0.000000,0.000000,False,Sin AprilTag: medicion congelada
1777384560.621175,False,True,0.00000000,288,334,0.000000,0.000000,0.000000,False,Sin AprilTag: medicion congelada
1777384560.672405,False,True,0.00000000,291,335,0.000000,0.000000,0.000000,False,Sin AprilTag: medicion congelada
1777384560.722174,False,True,0.00000000,290,335,0.000000,0.000000,0.000000,False,Sin AprilTag: medicion congelada
1777384560.787744,False,True,0.00000000,296,357,0.000000,0.000000,0.000000,False,Sin AprilTag: medicion congelada
1777384560.822114,False,True,0.00000000,299,348,0.000000,0.000000,0.000000,False,Sin AprilTag: medicion congelada
1777384560.855134,False,True,0.00000000,302,363,0.000000,0.000000,0.000000,False,Sin AprilTag: medicion congelada
1777384560.888978,False,True,0.00000000,304,365,0.000000,0.000000,0.000000,False,Sin AprilTag: medicion congelada
1777384560.922720,False,True,0.00000000,304,355,0.000000,0.000000,0.000000,False,Sin AprilTag: medicion congelada
1777384560.956728,False,True,0.00000000,305,361,0.000000,0.000000,0.000000,False,Sin AprilTag: medicion congelada
1777384560.990889,False,True,0.00000000,306,362,0.000000,0.000000,0.000000,False,Sin AprilTag: medicion congelada
1777384561.025016,False,True,0.00000000,309,364,0.000000,0.000000,0.000000,False,Sin AprilTag: medicion congelada
1777384561.058308,False,True,0.00000000,312,365,0.000000,0.000000,0.000000,False,Sin AprilTag: medicion congelada
1777384561.092377,False,True,0.00000000,313,365,0.000000,0.000000,0.000000,False,Sin AprilTag: medicion congelada
1777384561.126268,False,True,0.00000000,315,370,0.000000,0.000000,0.000000,False,Sin AprilTag: medicion congelada
1777384561.160224,False,True,0.00000000,317,368,0.000000,0.000000,0.000000,False,Sin AprilTag: medicion congelada
1777384561.194467,False,True,0.00000000,317,372,0.000000,0.000000,0.000000,False,Sin AprilTag: medicion congelada
1777384561.228374,False,True,0.00000000,320,365,0.000000,0.000000,0.000000,False,Sin AprilTag: medicion congelada
1777384561.261926,False,True,0.00000000,320,373,0.000000,0.000000,0.000000,False,Sin AprilTag: medicion congelada
1777384561.312430,False,True,0.00000000,318,370,0.000000,0.000000,0.000000,False,Sin AprilTag: medicion congelada
1777384561.346408,False,True,0.00000000,319,371,0.000000,0.000000,0.000000,False,Sin AprilTag: medicion congelada
1777384561.380348,False,True,0.00000000,321,375,0.000000,0.000000,0.000000,False,Sin AprilTag: medicion congelada
1777384561.414508,False,True,0.00000000,319,374,0.000000,0.000000,0.000000,False,Sin AprilTag: medicion congelada
1777384561.464067,False,True,0.00000000,318,379,0.000000,0.000000,0.000000,False,Sin AprilTag: medicion congelada
1777384561.497699,False,True,0.00000000,320,377,0.000000,0.000000,0.000000,False,Sin AprilTag: medicion congelada
1777384561.531808,False,True,0.00000000,296,408,0.000000,0.000000,0.000000,False,Sin AprilTag: medicion congelada
1777384561.566278,False,False,0.00000000,-1,-1,0.000000,0.000000,0.000000,False,Sin AprilTag: medicion congelada
1777384561.599187,False,False,0.00000000,-1,-1,0.000000,0.000000,0.000000,False,Sin AprilTag: medicion congelada
1777384561.633601,False,False,0.00000000,-1,-1,0.000000,0.000000,0.000000,False,Sin AprilTag: medicion congelada
1777384561.667563,False,False,0.00000000,-1,-1,0.000000,0.000000,0.000000,False,Sin AprilTag: medicion congelada
1777384561.701434,False,False,0.00000000,-1,-1,0.000000,0.000000,0.000000,False,Sin AprilTag: medicion congelada
1777384561.735222,False,False,0.00000000,-1,-1,0.000000,0.000000,0.000000,False,Sin AprilTag: medicion congelada
1777384561.769474,False,False,0.00000000,-1,-1,0.000000,0.000000,0.000000,False,Sin AprilTag: medicion congelada
1777384561.803521,False,False,0.00000000,-1,-1,0.000000,0.000000,0.000000,False,Sin AprilTag: medicion congelada
1777384561.837443,False,False,0.00000000,-1,-1,0.000000,0.000000,0.000000,False,Sin AprilTag: medicion congelada
1777384561.871478,False,False,0.00000000,-1,-1,0.000000,0.000000,0.000000,False,Sin AprilTag: medicion congelada
1777384561.905405,False,False,0.00000000,-1,-1,0.000000,0.000000,0.000000,False,Sin AprilTag: medicion congelada
1777384561.939744,False,True,0.00000000,294,408,0.000000,0.000000,0.000000,False,Sin AprilTag: medicion congelada
1777384561.973503,False,True,0.00000000,296,406,0.000000,0.000000,0.000000,False,Sin AprilTag: medicion congelada
1777384562.007594,False,True,0.00000000,337,333,0.000000,0.000000,0.000000,False,Sin AprilTag: medicion congelada
1777384562.042050,False,True,0.00000000,338,329,0.000000,0.000000,0.000000,False,Sin AprilTag: medicion congelada
1777384562.075789,False,True,0.00000000,341,329,0.000000,0.000000,0.000000,False,Sin AprilTag: medicion congelada
1777384562.108894,False,True,0.00000000,341,330,0.000000,0.000000,0.000000,False,Sin AprilTag: medicion congelada
1777384562.143398,False,True,0.00000000,341,330,0.000000,0.000000,0.000000,False,Sin AprilTag: medicion congelada
1777384562.193137,False,True,0.00000000,333,359,0.000000,0.000000,0.000000,False,Sin AprilTag: medicion congelada
1777384562.256115,False,True,0.00000000,339,360,0.000000,0.000000,0.000000,False,Sin AprilTag: medicion congelada
1777384562.290144,False,True,0.00000000,343,361,0.000000,0.000000,0.000000,False,Sin AprilTag: medicion congelada
1777384562.324446,False,True,0.00000000,346,361,0.000000,0.000000,0.000000,False,Sin AprilTag: medicion congelada
1777384562.358658,False,True,0.00000000,348,358,0.000000,0.000000,0.000000,False,Sin AprilTag: medicion congelada
1777384562.393356,False,True,0.00000000,349,357,0.000000,0.000000,0.000000,False,Sin AprilTag: medicion congelada
1777384562.443212,False,True,0.00000000,352,356,0.000000,0.000000,0.000000,False,Sin AprilTag: medicion congelada
1777384562.477304,False,True,0.00000000,355,356,0.000000,0.000000,0.000000,False,Sin AprilTag: medicion congelada
1777384562.511270,False,True,0.00000000,355,355,0.000000,0.000000,0.000000,False,Sin AprilTag: medicion congelada
1777384562.544895,False,True,0.00000000,355,353,0.000000,0.000000,0.000000,False,Sin AprilTag: medicion congelada
1777384562.578967,False,True,0.00000000,355,353,0.000000,0.000000,0.000000,False,Sin AprilTag: medicion congelada
1777384562.628773,False,True,0.00000000,357,353,0.000000,0.000000,0.000000,False,Sin AprilTag: medicion congelada
1777384562.663061,False,True,0.00000000,357,352,0.000000,0.000000,0.000000,False,Sin AprilTag: medicion congelada
1777384562.697136,False,True,0.00000000,359,355,0.000000,0.000000,0.000000,False,Sin AprilTag: medicion congelada
1777384562.731220,False,True,0.00000000,360,355,0.000000,0.000000,0.000000,False,Sin AprilTag: medicion congelada
1777384562.765161,False,True,0.00000000,362,356,0.000000,0.000000,0.000000,False,Sin AprilTag: medicion congelada
1777384562.799314,False,True,0.00000000,374,355,0.000000,0.000000,0.000000,False,Sin AprilTag: medicion congelada
1777384562.833454,False,True,0.00000000,372,355,0.000000,0.000000,0.000000,False,Sin AprilTag: medicion congelada
1777384562.867551,False,True,0.00000000,376,355,0.000000,0.000000,0.000000,False,Sin AprilTag: medicion congelada
1777384562.901927,False,True,0.00000000,375,355,0.000000,0.000000,0.000000,False,Sin AprilTag: medicion congelada
1777384562.936019,False,True,0.00000000,373,355,0.000000,0.000000,0.000000,False,Sin AprilTag: medicion congelada
1777384562.970051,False,True,0.00000000,375,356,0.000000,0.000000,0.000000,False,Sin AprilTag: medicion congelada
1777384563.004202,False,True,0.00000000,374,357,0.000000,0.000000,0.000000,False,Sin AprilTag: medicion congelada
1777384563.038547,False,True,0.00000000,373,357,0.000000,0.000000,0.000000,False,Sin AprilTag: medicion congelada
1777384563.072432,False,True,0.00000000,372,358,0.000000,0.000000,0.000000,False,Sin AprilTag: medicion congelada
1777384563.106687,False,True,0.00000000,372,358,0.000000,0.000000,0.000000,False,Sin AprilTag: medicion congelada
1777384563.156948,False,True,0.00000000,371,359,0.000000,0.000000,0.000000,False,Sin AprilTag: medicion congelada
1777384563.189759,False,True,0.00000000,359,360,0.000000,0.000000,0.000000,False,Sin AprilTag: medicion congelada
1777384563.224047,False,True,0.00000000,369,361,0.000000,0.000000,0.000000,False,Sin AprilTag: medicion congelada
1777384563.257101,False,True,0.00000000,367,359,0.000000,0.000000,0.000000,False,Sin AprilTag: medicion congelada
1777384563.291196,False,True,0.00000000,369,359,0.000000,0.000000,0.000000,False,Sin AprilTag: medicion congelada
1777384563.325284,False,True,0.00000000,365,358,0.000000,0.000000,0.000000,False,Sin AprilTag: medicion congelada
1777384563.359590,False,True,0.00000000,352,357,0.000000,0.000000,0.000000,False,Sin AprilTag: medicion congelada
1777384563.393821,False,True,0.00000000,343,354,0.000000,0.000000,0.000000,False,Sin AprilTag: medicion congelada
1777384563.427741,False,True,0.00000000,339,353,0.000000,0.000000,0.000000,False,Sin AprilTag: medicion congelada
1777384563.461802,False,True,0.00000000,337,352,0.000000,0.000000,0.000000,False,Sin AprilTag: medicion congelada
1777384563.495883,False,True,0.00000000,336,351,0.000000,0.000000,0.000000,False,Sin AprilTag: medicion congelada
1777384563.529939,False,True,0.00000000,337,353,0.000000,0.000000,0.000000,False,Sin AprilTag: medicion congelada
1777384563.579549,False,True,0.00000000,343,348,0.000000,0.000000,0.000000,False,Sin AprilTag: medicion congelada
1777384563.629363,False,True,0.00000000,348,350,0.000000,0.000000,0.000000,False,Sin AprilTag: medicion congelada
1777384563.663221,False,True,0.00000000,348,350,0.000000,0.000000,0.000000,False,Sin AprilTag: medicion congelada
1777384563.713997,False,True,0.00000000,353,351,0.000000,0.000000,0.000000,False,Sin AprilTag: medicion congelada
1777384563.780252,False,True,0.00000000,357,349,0.000000,0.000000,0.000000,False,Sin AprilTag: medicion congelada
1777384563.830369,False,True,0.00000000,359,353,0.000000,0.000000,0.000000,False,Sin AprilTag: medicion congelada
1777384563.882044,False,True,0.00000000,360,350,0.000000,0.000000,0.000000,False,Sin AprilTag: medicion congelada
1777384563.949134,False,True,0.00000000,357,348,0.000000,0.000000,0.000000,False,Sin AprilTag: medicion congelada
1777384564.031522,False,True,0.00000000,352,347,0.000000,0.000000,0.000000,False,Sin AprilTag: medicion congelada
1777384564.114276,False,True,0.00000000,336,353,0.000000,0.000000,0.000000,False,Sin AprilTag: medicion congelada
1777384564.180976,False,True,0.00000000,336,344,0.000000,0.000000,0.000000,False,Sin AprilTag: medicion congelada
1777384564.230951,False,True,0.00000000,339,349,0.000000,0.000000,0.000000,False,Sin AprilTag: medicion congelada
1777384564.280288,False,True,0.00000000,343,344,0.000000,0.000000,0.000000,False,Sin AprilTag: medicion congelada
1777384564.330346,False,True,0.00000000,330,351,0.000000,0.000000,0.000000,False,Sin AprilTag: medicion congelada
1777384564.380275,False,True,0.00000000,336,347,0.000000,0.000000,0.000000,False,Sin AprilTag: medicion congelada
1777384564.430704,False,True,0.00000000,345,350,0.000000,0.000000,0.000000,False,Sin AprilTag: medicion congelada
1777384564.482114,False,True,0.00000000,351,346,0.000000,0.000000,0.000000,False,Sin AprilTag: medicion congelada
1777384564.531802,False,True,0.00000000,341,348,0.000000,0.000000,0.000000,False,Sin AprilTag: medicion congelada
1777384564.582119,False,True,0.00000000,332,349,0.000000,0.000000,0.000000,False,Sin AprilTag: medicion congelada
1777384564.631669,False,True,0.00000000,362,355,0.000000,0.000000,0.000000,False,Sin AprilTag: medicion congelada
1777384564.682361,False,True,0.00000000,346,358,0.000000,0.000000,0.000000,False,Sin AprilTag: medicion congelada
1777384564.730754,False,True,0.00000000,335,360,0.000000,0.000000,0.000000,False,Sin AprilTag: medicion congelada
1777384564.780903,False,True,0.00000000,349,358,0.000000,0.000000,0.000000,False,Sin AprilTag: medicion congelada
1777384564.830996,False,True,0.00000000,355,356,0.000000,0.000000,0.000000,False,Sin AprilTag: medicion congelada
1777384564.882955,False,True,0.00000000,359,355,0.000000,0.000000,0.000000,False,Sin AprilTag: medicion congelada
1777384564.933405,False,True,0.00000000,313,347,0.000000,0.000000,0.000000,False,Sin AprilTag: medicion congelada
1777384564.984152,False,True,0.00000000,334,347,0.000000,0.000000,0.000000,False,Sin AprilTag: medicion congelada
1777384565.033698,False,True,0.00000000,343,346,0.000000,0.000000,0.000000,False,Sin AprilTag: medicion congelada
1777384565.082905,False,True,0.00000000,343,348,0.000000,0.000000,0.000000,False,Sin AprilTag: medicion congelada
1777384565.133268,False,True,0.00000000,347,347,0.000000,0.000000,0.000000,False,Sin AprilTag: medicion congelada
1777384565.182061,False,True,0.00000000,338,358,0.000000,0.000000,0.000000,False,Sin AprilTag: medicion congelada
1777384565.216762,False,True,0.00000000,343,362,0.000000,0.000000,0.000000,False,Sin AprilTag: medicion congelada
1777384565.251303,False,True,0.00000000,334,362,0.000000,0.000000,0.000000,False,Sin AprilTag: medicion congelada
1777384565.285819,False,True,0.00000000,319,362,0.000000,0.000000,0.000000,False,Sin AprilTag: medicion congelada
1777384565.336136,False,True,0.00000000,315,363,0.000000,0.000000,0.000000,False,Sin AprilTag: medicion congelada
1777384565.386202,False,True,0.00000000,316,363,0.000000,0.000000,0.000000,False,Sin AprilTag: medicion congelada
1777384565.451618,False,True,0.00000000,305,365,0.000000,0.000000,0.000000,False,Sin AprilTag: medicion congelada
1777384565.501349,False,True,0.00000000,309,362,0.000000,0.000000,0.000000,False,Sin AprilTag: medicion congelada
1777384565.551001,False,True,0.00000000,299,375,0.000000,0.000000,0.000000,False,Sin AprilTag: medicion congelada
1777384565.601911,False,True,0.00000000,303,387,0.000000,0.000000,0.000000,False,Sin AprilTag: medicion congelada
1777384565.652120,False,True,0.00000000,307,409,0.000000,0.000000,0.000000,False,Sin AprilTag: medicion congelada
1777384565.701095,False,True,0.00000000,303,424,0.000000,0.000000,0.000000,False,Sin AprilTag: medicion congelada
1777384565.761339,False,True,0.00000000,343,439,0.000000,0.000000,0.000000,False,Sin AprilTag: medicion congelada
1777384565.811952,False,False,0.00000000,-1,-1,0.000000,0.000000,0.000000,False,Sin AprilTag: medicion congelada
1777384565.877615,False,False,0.00000000,-1,-1,0.000000,0.000000,0.000000,False,Sin AprilTag: medicion congelada
1777384565.927648,False,False,0.00000000,-1,-1,0.000000,0.000000,0.000000,False,Sin AprilTag: medicion congelada
1777384565.977648,False,False,0.00000000,-1,-1,0.000000,0.000000,0.000000,False,Sin AprilTag: medicion congelada
1777384566.028230,False,False,0.00000000,-1,-1,0.000000,0.000000,0.000000,False,Sin AprilTag: medicion congelada
1777384566.077612,False,False,0.00000000,-1,-1,0.000000,0.000000,0.000000,False,Sin AprilTag: medicion congelada
1777384566.127772,False,False,0.00000000,-1,-1,0.000000,0.000000,0.000000,False,Sin AprilTag: medicion congelada
1777384566.194984,False,False,0.00000000,-1,-1,0.000000,0.000000,0.000000,False,Sin AprilTag: medicion congelada
1777384566.259688,False,False,0.00000000,-1,-1,0.000000,0.000000,0.000000,False,Sin AprilTag: medicion congelada
1777384566.294338,False,True,0.00000000,28,324,0.000000,0.000000,0.000000,False,Sin AprilTag: medicion congelada
1777384566.344582,False,True,0.00000000,155,284,0.000000,0.000000,0.000000,False,Sin AprilTag: medicion congelada
1777384566.410800,False,True,0.00000000,349,230,0.000000,0.000000,0.000000,False,Sin AprilTag: medicion congelada
1777384566.460578,False,True,0.00000000,363,221,0.000000,0.000000,0.000000,False,Sin AprilTag: medicion congelada
1777384566.510520,False,True,0.00000000,385,215,0.000000,0.000000,0.000000,False,Sin AprilTag: medicion congelada
1777384566.562340,False,True,0.00000000,404,216,0.000000,0.000000,0.000000,False,Sin AprilTag: medicion congelada
1777384566.611876,False,True,0.00000000,454,234,0.000000,0.000000,0.000000,False,Sin AprilTag: medicion congelada
1777384566.662493,False,True,0.00000000,468,252,0.000000,0.000000,0.000000,False,Sin AprilTag: medicion congelada
1777384566.712867,False,True,0.00000000,467,257,0.000000,0.000000,0.000000,False,Sin AprilTag: medicion congelada
1777384566.762756,False,True,0.00000000,464,261,0.000000,0.000000,0.000000,False,Sin AprilTag: medicion congelada
1777384566.814430,False,True,0.00000000,459,263,0.000000,0.000000,0.000000,False,Sin AprilTag: medicion congelada
1777384566.881117,False,True,0.00000000,455,261,0.000000,0.000000,0.000000,False,Sin AprilTag: medicion congelada
1777384566.948009,False,True,0.00000000,440,247,0.000000,0.000000,0.000000,False,Sin AprilTag: medicion congelada
1777384567.012814,False,True,0.00000000,438,242,0.000000,0.000000,0.000000,False,Sin AprilTag: medicion congelada
1777384567.046997,False,True,0.00000000,438,244,0.000000,0.000000,0.000000,False,Sin AprilTag: medicion congelada
1777384567.096707,False,True,0.00000000,440,248,0.000000,0.000000,0.000000,False,Sin AprilTag: medicion congelada
1777384567.146928,False,True,0.00000000,443,250,0.000000,0.000000,0.000000,False,Sin AprilTag: medicion congelada
1777384567.196909,False,True,0.00000000,441,259,0.000000,0.000000,0.000000,False,Sin AprilTag: medicion congelada
1777384567.245311,False,True,0.00000000,439,261,0.000000,0.000000,0.000000,False,Sin AprilTag: medicion congelada
1777384567.294681,False,True,0.00000000,437,264,0.000000,0.000000,0.000000,False,Sin AprilTag: medicion congelada
1777384567.344445,False,True,0.00000000,434,265,0.000000,0.000000,0.000000,False,Sin AprilTag: medicion congelada
1777384567.394969,False,True,0.00000000,429,268,0.000000,0.000000,0.000000,False,Sin AprilTag: medicion congelada
1777384567.460662,False,True,0.00000000,424,278,0.000000,0.000000,0.000000,False,Sin AprilTag: medicion congelada
1777384567.511283,False,True,0.00000000,426,276,0.000000,0.000000,0.000000,False,Sin AprilTag: medicion congelada
1777384567.562249,False,True,0.00000000,428,277,0.000000,0.000000,0.000000,False,Sin AprilTag: medicion congelada
1777384567.611976,False,True,0.00000000,429,277,0.000000,0.000000,0.000000,False,Sin AprilTag: medicion congelada
1777384567.645135,False,True,0.00000000,428,274,0.000000,0.000000,0.000000,False,Sin AprilTag: medicion congelada
1777384567.695800,False,True,0.00000000,426,270,0.000000,0.000000,0.000000,False,Sin AprilTag: medicion congelada
1777384567.760100,False,True,0.00000000,417,259,0.000000,0.000000,0.000000,False,Sin AprilTag: medicion congelada
1777384567.826859,False,True,0.00000000,415,257,0.000000,0.000000,0.000000,False,Sin AprilTag: medicion congelada
1777384567.891729,False,True,0.00000000,415,257,0.000000,0.000000,0.000000,False,Sin AprilTag: medicion congelada
1777384567.942843,False,True,0.00000000,407,261,0.000000,0.000000,0.000000,False,Sin AprilTag: medicion congelada
1777384567.992684,False,True,0.00000000,404,265,0.000000,0.000000,0.000000,False,Sin AprilTag: medicion congelada
1777384568.041996,False,True,0.00000000,401,267,0.000000,0.000000,0.000000,False,Sin AprilTag: medicion congelada
1777384568.075728,False,True,0.00000000,398,267,0.000000,0.000000,0.000000,False,Sin AprilTag: medicion congelada
1777384568.126872,False,True,0.00000000,396,268,0.000000,0.000000,0.000000,False,Sin AprilTag: medicion congelada
1777384568.176577,False,True,0.00000000,393,269,0.000000,0.000000,0.000000,False,Sin AprilTag: medicion congelada
1777384568.226456,False,True,0.00000000,390,272,0.000000,0.000000,0.000000,False,Sin AprilTag: medicion congelada
1777384568.276536,False,True,0.00000000,388,272,0.000000,0.000000,0.000000,False,Sin AprilTag: medicion congelada
1777384568.325896,False,True,0.00000000,364,271,0.000000,0.000000,0.000000,False,Sin AprilTag: medicion congelada
1777384568.375928,False,True,0.00000000,355,269,0.000000,0.000000,0.000000,False,Sin AprilTag: medicion congelada
1777384568.443427,False,True,0.00000000,345,269,0.000000,0.000000,0.000000,False,Sin AprilTag: medicion congelada
1777384568.509133,False,True,0.00000000,295,273,0.000000,0.000000,0.000000,False,Sin AprilTag: medicion congelada
1777384568.575452,False,True,0.00000000,277,281,0.000000,0.000000,0.000000,False,Sin AprilTag: medicion congelada
1777384568.624396,False,True,0.00000000,254,339,0.000000,0.000000,0.000000,False,Sin AprilTag: medicion congelada
1777384568.658479,False,True,0.00000000,218,350,0.000000,0.000000,0.000000,False,Sin AprilTag: medicion congelada
1777384568.693020,False,True,0.00000000,161,343,0.000000,0.000000,0.000000,False,Sin AprilTag: medicion congelada
1777384568.742558,False,True,0.00000000,360,352,0.000000,0.000000,0.000000,False,Sin AprilTag: medicion congelada
1777384568.792826,False,False,0.00000000,-1,-1,0.000000,0.000000,0.000000,False,Sin AprilTag: medicion congelada
1777384568.842808,False,True,0.00000000,359,353,0.000000,0.000000,0.000000,False,Sin AprilTag: medicion congelada
1777384568.892768,False,True,0.00000000,360,353,0.000000,0.000000,0.000000,False,Sin AprilTag: medicion congelada
1777384568.960471,False,False,0.00000000,-1,-1,0.000000,0.000000,0.000000,False,Sin AprilTag: medicion congelada
1777384569.026829,False,False,0.00000000,-1,-1,0.000000,0.000000,0.000000,False,Sin AprilTag: medicion congelada
1777384569.076730,False,False,0.00000000,-1,-1,0.000000,0.000000,0.000000,False,Sin AprilTag: medicion congelada
1777384569.125064,False,False,0.00000000,-1,-1,0.000000,0.000000,0.000000,False,Sin AprilTag: medicion congelada
1777384569.158930,False,False,0.00000000,-1,-1,0.000000,0.000000,0.000000,False,Sin AprilTag: medicion congelada
1777384569.193395,False,False,0.00000000,-1,-1,0.000000,0.000000,0.000000,False,Sin AprilTag: medicion congelada
1777384569.243398,False,False,0.00000000,-1,-1,0.000000,0.000000,0.000000,False,Sin AprilTag: medicion congelada
1777384569.276840,False,False,0.00000000,-1,-1,0.000000,0.000000,0.000000,False,Sin AprilTag: medicion congelada
1777384569.327988,False,False,0.00000000,-1,-1,0.000000,0.000000,0.000000,False,Sin AprilTag: medicion congelada
1777384569.378184,False,False,0.00000000,-1,-1,0.000000,0.000000,0.000000,False,Sin AprilTag: medicion congelada
1777384569.427503,False,False,0.00000000,-1,-1,0.000000,0.000000,0.000000,False,Sin AprilTag: medicion congelada
1777384569.475842,False,False,0.00000000,-1,-1,0.000000,0.000000,0.000000,False,Sin AprilTag: medicion congelada
1777384569.525716,False,False,0.00000000,-1,-1,0.000000,0.000000,0.000000,False,Sin AprilTag: medicion congelada
1777384569.574531,False,False,0.00000000,-1,-1,0.000000,0.000000,0.000000,False,Sin AprilTag: medicion congelada
1777384569.639754,False,False,0.00000000,-1,-1,0.000000,0.000000,0.000000,False,Sin AprilTag: medicion congelada
1777384569.690300,False,False,0.00000000,-1,-1,0.000000,0.000000,0.000000,False,Sin AprilTag: medicion congelada
1777384569.756574,False,False,0.00000000,-1,-1,0.000000,0.000000,0.000000,False,Sin AprilTag: medicion congelada
1777384569.822853,False,False,0.00000000,-1,-1,0.000000,0.000000,0.000000,False,Sin AprilTag: medicion congelada
1777384569.888252,False,False,0.00000000,-1,-1,0.000000,0.000000,0.000000,False,Sin AprilTag: medicion congelada
1777384569.938964,False,False,0.00000000,-1,-1,0.000000,0.000000,0.000000,False,Sin AprilTag: medicion congelada
1777384570.005295,False,False,0.00000000,-1,-1,0.000000,0.000000,0.000000,False,Sin AprilTag: medicion congelada
1777384570.054838,False,False,0.00000000,-1,-1,0.000000,0.000000,0.000000,False,Sin AprilTag: medicion congelada
1777384570.089211,False,False,0.00000000,-1,-1,0.000000,0.000000,0.000000,False,Sin AprilTag: medicion congelada
1777384570.137382,False,False,0.00000000,-1,-1,0.000000,0.000000,0.000000,False,Sin AprilTag: medicion congelada
1777384570.187132,False,False,0.00000000,-1,-1,0.000000,0.000000,0.000000,False,Sin AprilTag: medicion congelada
1777384570.237452,False,False,0.00000000,-1,-1,0.000000,0.000000,0.000000,False,Sin AprilTag: medicion congelada
1777384570.292073,False,False,0.00000000,-1,-1,0.000000,0.000000,0.000000,False,Sin AprilTag: medicion congelada
1777384570.342764,False,False,0.00000000,-1,-1,0.000000,0.000000,0.000000,False,Sin AprilTag: medicion congelada
1777384570.393333,False,False,0.00000000,-1,-1,0.000000,0.000000,0.000000,False,Sin AprilTag: medicion congelada
1777384570.442548,False,False,0.00000000,-1,-1,0.000000,0.000000,0.000000,False,Sin AprilTag: medicion congelada
1777384570.476809,False,False,0.00000000,-1,-1,0.000000,0.000000,0.000000,False,Sin AprilTag: medicion congelada
1777384570.525458,False,False,0.00000000,-1,-1,0.000000,0.000000,0.000000,False,Sin AprilTag: medicion congelada
1777384570.575227,False,False,0.00000000,-1,-1,0.000000,0.000000,0.000000,False,Sin AprilTag: medicion congelada
1777384570.626157,False,False,0.00000000,-1,-1,0.000000,0.000000,0.000000,False,Sin AprilTag: medicion congelada
1777384570.675339,False,False,0.00000000,-1,-1,0.000000,0.000000,0.000000,False,Sin AprilTag: medicion congelada
1777384570.726021,False,False,0.00000000,-1,-1,0.000000,0.000000,0.000000,False,Sin AprilTag: medicion congelada
1777384570.776300,False,False,0.00000000,-1,-1,0.000000,0.000000,0.000000,False,Sin AprilTag: medicion congelada
1777384570.825285,False,False,0.00000000,-1,-1,0.000000,0.000000,0.000000,False,Sin AprilTag: medicion congelada
1777384570.859567,False,False,0.00000000,-1,-1,0.000000,0.000000,0.000000,False,Sin AprilTag: medicion congelada
1777384570.909589,False,False,0.00000000,-1,-1,0.000000,0.000000,0.000000,False,Sin AprilTag: medicion congelada
1777384570.959733,False,False,0.00000000,-1,-1,0.000000,0.000000,0.000000,False,Sin AprilTag: medicion congelada
1777384571.009779,False,False,0.00000000,-1,-1,0.000000,0.000000,0.000000,False,Sin AprilTag: medicion congelada
1777384571.076835,False,False,0.00000000,-1,-1,0.000000,0.000000,0.000000,False,Sin AprilTag: medicion congelada
1777384571.142776,False,False,0.00000000,-1,-1,0.000000,0.000000,0.000000,False,Sin AprilTag: medicion congelada
1777384571.193255,False,False,0.00000000,-1,-1,0.000000,0.000000,0.000000,False,Sin AprilTag: medicion congelada
1777384571.244047,False,False,0.00000000,-1,-1,0.000000,0.000000,0.000000,False,Sin AprilTag: medicion congelada
1777384571.293928,False,False,0.00000000,-1,-1,0.000000,0.000000,0.000000,False,Sin AprilTag: medicion congelada
1777384571.344178,False,False,0.00000000,-1,-1,0.000000,0.000000,0.000000,False,Sin AprilTag: medicion congelada
1777384571.394067,False,False,0.00000000,-1,-1,0.000000,0.000000,0.000000,False,Sin AprilTag: medicion congelada
1777384571.444319,False,False,0.00000000,-1,-1,0.000000,0.000000,0.000000,False,Sin AprilTag: medicion congelada
1777384571.494444,False,False,0.00000000,-1,-1,0.000000,0.000000,0.000000,False,Sin AprilTag: medicion congelada
1777384571.543880,False,False,0.00000000,-1,-1,0.000000,0.000000,0.000000,False,Sin AprilTag: medicion congelada
1777384571.594440,False,False,0.00000000,-1,-1,0.000000,0.000000,0.000000,False,Sin AprilTag: medicion congelada
1777384571.644117,False,False,0.00000000,-1,-1,0.000000,0.000000,0.000000,False,Sin AprilTag: medicion congelada
1777384571.693676,False,False,0.00000000,-1,-1,0.000000,0.000000,0.000000,False,Sin AprilTag: medicion congelada
1777384571.745153,False,False,0.00000000,-1,-1,0.000000,0.000000,0.000000,False,Sin AprilTag: medicion congelada
1777384571.796031,False,False,0.00000000,-1,-1,0.000000,0.000000,0.000000,False,Sin AprilTag: medicion congelada
1777384571.847194,False,False,0.00000000,-1,-1,0.000000,0.000000,0.000000,False,Sin AprilTag: medicion congelada
1777384571.896849,False,False,0.00000000,-1,-1,0.000000,0.000000,0.000000,False,Sin AprilTag: medicion congelada
1777384571.947067,False,False,0.00000000,-1,-1,0.000000,0.000000,0.000000,False,Sin AprilTag: medicion congelada
1777384571.997355,False,False,0.00000000,-1,-1,0.000000,0.000000,0.000000,False,Sin AprilTag: medicion congelada
1777384572.047553,False,False,0.00000000,-1,-1,0.000000,0.000000,0.000000,False,Sin AprilTag: medicion congelada
1777384572.097125,False,False,0.00000000,-1,-1,0.000000,0.000000,0.000000,False,Sin AprilTag: medicion congelada
1777384572.147721,False,False,0.00000000,-1,-1,0.000000,0.000000,0.000000,False,Sin AprilTag: medicion congelada
1777384572.196669,False,False,0.00000000,-1,-1,0.000000,0.000000,0.000000,False,Sin AprilTag: medicion congelada
1777384572.230547,False,False,0.00000000,-1,-1,0.000000,0.000000,0.000000,False,Sin AprilTag: medicion congelada
1777384572.279964,False,False,0.00000000,-1,-1,0.000000,0.000000,0.000000,False,Sin AprilTag: medicion congelada
1777384572.345307,False,False,0.00000000,-1,-1,0.000000,0.000000,0.000000,False,Sin AprilTag: medicion congelada
1777384572.394799,False,False,0.00000000,-1,-1,0.000000,0.000000,0.000000,False,Sin AprilTag: medicion congelada
1777384572.428792,False,False,0.00000000,-1,-1,0.000000,0.000000,0.000000,False,Sin AprilTag: medicion congelada
1777384572.477885,False,False,0.00000000,-1,-1,0.000000,0.000000,0.000000,False,Sin AprilTag: medicion congelada
1777384572.528738,False,False,0.00000000,-1,-1,0.000000,0.000000,0.000000,False,Sin AprilTag: medicion congelada
1777384572.578557,False,False,0.00000000,-1,-1,0.000000,0.000000,0.000000,False,Sin AprilTag: medicion congelada
1777384572.628081,False,False,0.00000000,-1,-1,0.000000,0.000000,0.000000,False,Sin AprilTag: medicion congelada
1777384572.677992,False,False,0.00000000,-1,-1,0.000000,0.000000,0.000000,False,Sin AprilTag: medicion congelada
1777384572.727722,False,False,0.00000000,-1,-1,0.000000,0.000000,0.000000,False,Sin AprilTag: medicion congelada
1777384572.762017,False,False,0.00000000,-1,-1,0.000000,0.000000,0.000000,False,Sin AprilTag: medicion congelada
1777384572.812111,False,False,0.00000000,-1,-1,0.000000,0.000000,0.000000,False,Sin AprilTag: medicion congelada
1777384572.877303,False,False,0.00000000,-1,-1,0.000000,0.000000,0.000000,False,Sin AprilTag: medicion congelada
1777384572.927860,False,False,0.00000000,-1,-1,0.000000,0.000000,0.000000,False,Sin AprilTag: medicion congelada
1777384572.978507,False,False,0.00000000,-1,-1,0.000000,0.000000,0.000000,False,Sin AprilTag: medicion congelada
1777384573.027086,False,False,0.00000000,-1,-1,0.000000,0.000000,0.000000,False,Sin AprilTag: medicion congelada
1777384573.077028,False,False,0.00000000,-1,-1,0.000000,0.000000,0.000000,False,Sin AprilTag: medicion congelada
1777384573.127992,False,False,0.00000000,-1,-1,0.000000,0.000000,0.000000,False,Sin AprilTag: medicion congelada
1777384573.177429,False,False,0.00000000,-1,-1,0.000000,0.000000,0.000000,False,Sin AprilTag: medicion congelada
1777384573.211836,False,False,0.00000000,-1,-1,0.000000,0.000000,0.000000,False,Sin AprilTag: medicion congelada
1777384573.258958,False,False,0.00000000,-1,-1,0.000000,0.000000,0.000000,False,Sin AprilTag: medicion congelada
1777384573.309640,False,False,0.00000000,-1,-1,0.000000,0.000000,0.000000,False,Sin AprilTag: medicion congelada
1777384573.360122,False,False,0.00000000,-1,-1,0.000000,0.000000,0.000000,False,Sin AprilTag: medicion congelada
1777384573.408956,False,False,0.00000000,-1,-1,0.000000,0.000000,0.000000,False,Sin AprilTag: medicion congelada
1777384573.459166,False,False,0.00000000,-1,-1,0.000000,0.000000,0.000000,False,Sin AprilTag: medicion congelada
1777384573.525701,False,False,0.00000000,-1,-1,0.000000,0.000000,0.000000,False,Sin AprilTag: medicion congelada
1777384573.576059,False,False,0.00000000,-1,-1,0.000000,0.000000,0.000000,False,Sin AprilTag: medicion congelada
1777384573.626373,False,False,0.00000000,-1,-1,0.000000,0.000000,0.000000,False,Sin AprilTag: medicion congelada
1777384573.684494,False,False,0.00000000,-1,-1,0.000000,0.000000,0.000000,False,Sin AprilTag: medicion congelada
1777384573.734265,False,False,0.00000000,-1,-1,0.000000,0.000000,0.000000,False,Sin AprilTag: medicion congelada
1777384573.788833,False,False,0.00000000,-1,-1,0.000000,0.000000,0.000000,False,Sin AprilTag: medicion congelada
1777384573.838136,False,False,0.00000000,-1,-1,0.000000,0.000000,0.000000,False,Sin AprilTag: medicion congelada
1777384573.888971,False,False,0.00000000,-1,-1,0.000000,0.000000,0.000000,False,Sin AprilTag: medicion congelada
1777384573.939137,False,False,0.00000000,-1,-1,0.000000,0.000000,0.000000,False,Sin AprilTag: medicion congelada
1777384573.989520,False,False,0.00000000,-1,-1,0.000000,0.000000,0.000000,False,Sin AprilTag: medicion congelada
1777384574.040850,False,False,0.00000000,-1,-1,0.000000,0.000000,0.000000,False,Sin AprilTag: medicion congelada
1777384574.091317,False,False,0.00000000,-1,-1,0.000000,0.000000,0.000000,False,Sin AprilTag: medicion congelada
1777384574.140828,False,False,0.00000000,-1,-1,0.000000,0.000000,0.000000,False,Sin AprilTag: medicion congelada
1777384574.207216,False,False,0.00000000,-1,-1,0.000000,0.000000,0.000000,False,Sin AprilTag: medicion congelada
1777384574.257416,False,False,0.00000000,-1,-1,0.000000,0.000000,0.000000,False,Sin AprilTag: medicion congelada
1777384574.306064,False,False,0.00000000,-1,-1,0.000000,0.000000,0.000000,False,Sin AprilTag: medicion congelada
1777384574.356203,False,False,0.00000000,-1,-1,0.000000,0.000000,0.000000,False,Sin AprilTag: medicion congelada
1777384574.406064,False,False,0.00000000,-1,-1,0.000000,0.000000,0.000000,False,Sin AprilTag: medicion congelada
1777384574.456186,False,False,0.00000000,-1,-1,0.000000,0.000000,0.000000,False,Sin AprilTag: medicion congelada
1777384574.506640,False,False,0.00000000,-1,-1,0.000000,0.000000,0.000000,False,Sin AprilTag: medicion congelada
1777384574.557375,False,False,0.00000000,-1,-1,0.000000,0.000000,0.000000,False,Sin AprilTag: medicion congelada
1777384574.606773,False,False,0.00000000,-1,-1,0.000000,0.000000,0.000000,False,Sin AprilTag: medicion congelada
1777384574.654663,False,False,0.00000000,-1,-1,0.000000,0.000000,0.000000,False,Sin AprilTag: medicion congelada
1777384574.687765,False,False,0.00000000,-1,-1,0.000000,0.000000,0.000000,False,Sin AprilTag: medicion congelada
1777384574.738236,False,False,0.00000000,-1,-1,0.000000,0.000000,0.000000,False,Sin AprilTag: medicion congelada
1777384574.788720,False,False,0.00000000,-1,-1,0.000000,0.000000,0.000000,False,Sin AprilTag: medicion congelada
1777384574.839246,False,False,0.00000000,-1,-1,0.000000,0.000000,0.000000,False,Sin AprilTag: medicion congelada
1777384574.889632,False,False,0.00000000,-1,-1,0.000000,0.000000,0.000000,False,Sin AprilTag: medicion congelada
1777384574.939410,False,False,0.00000000,-1,-1,0.000000,0.000000,0.000000,False,Sin AprilTag: medicion congelada
1777384574.989998,False,False,0.00000000,-1,-1,0.000000,0.000000,0.000000,False,Sin AprilTag: medicion congelada
1777384575.056136,False,False,0.00000000,-1,-1,0.000000,0.000000,0.000000,False,Sin AprilTag: medicion congelada
1777384575.105843,False,False,0.00000000,-1,-1,0.000000,0.000000,0.000000,False,Sin AprilTag: medicion congelada
1777384575.172050,False,False,0.00000000,-1,-1,0.000000,0.000000,0.000000,False,Sin AprilTag: medicion congelada
1777384575.237684,False,False,0.00000000,-1,-1,0.000000,0.000000,0.000000,False,Sin AprilTag: medicion congelada
1777384575.287518,False,False,0.00000000,-1,-1,0.000000,0.000000,0.000000,False,Sin AprilTag: medicion congelada
1777384575.337770,False,False,0.00000000,-1,-1,0.000000,0.000000,0.000000,False,Sin AprilTag: medicion congelada
1777384575.387400,False,False,0.00000000,-1,-1,0.000000,0.000000,0.000000,False,Sin AprilTag: medicion congelada
1777384575.434347,False,False,0.00000000,-1,-1,0.000000,0.000000,0.000000,False,Sin AprilTag: medicion congelada
1777384575.501812,False,False,0.00000000,-1,-1,0.000000,0.000000,0.000000,False,Sin AprilTag: medicion congelada
1777384575.569285,False,False,0.00000000,-1,-1,0.000000,0.000000,0.000000,False,Sin AprilTag: medicion congelada
1777384575.635625,False,False,0.00000000,-1,-1,0.000000,0.000000,0.000000,False,Sin AprilTag: medicion congelada
1777384575.701910,False,False,0.00000000,-1,-1,0.000000,0.000000,0.000000,False,Sin AprilTag: medicion congelada
1777384575.768085,False,False,0.00000000,-1,-1,0.000000,0.000000,0.000000,False,Sin AprilTag: medicion congelada
1777384575.817572,False,False,0.00000000,-1,-1,0.000000,0.000000,0.000000,False,Sin AprilTag: medicion congelada
1777384575.867348,False,False,0.00000000,-1,-1,0.000000,0.000000,0.000000,False,Sin AprilTag: medicion congelada
1777384575.918372,False,False,0.00000000,-1,-1,0.000000,0.000000,0.000000,False,Sin AprilTag: medicion congelada
1777384575.968480,False,False,0.00000000,-1,-1,0.000000,0.000000,0.000000,False,Sin AprilTag: medicion congelada
1777384576.018591,False,False,0.00000000,-1,-1,0.000000,0.000000,0.000000,False,Sin AprilTag: medicion congelada
1777384576.068789,False,False,0.00000000,-1,-1,0.000000,0.000000,0.000000,False,Sin AprilTag: medicion congelada
1777384576.119493,False,False,0.00000000,-1,-1,0.000000,0.000000,0.000000,False,Sin AprilTag: medicion congelada
1777384576.184854,False,False,0.00000000,-1,-1,0.000000,0.000000,0.000000,False,Sin AprilTag: medicion congelada
1777384576.234979,False,False,0.00000000,-1,-1,0.000000,0.000000,0.000000,False,Sin AprilTag: medicion congelada
1777384576.284629,False,False,0.00000000,-1,-1,0.000000,0.000000,0.000000,False,Sin AprilTag: medicion congelada
1777384576.335323,False,False,0.00000000,-1,-1,0.000000,0.000000,0.000000,False,Sin AprilTag: medicion congelada
1777384576.385461,False,False,0.00000000,-1,-1,0.000000,0.000000,0.000000,False,Sin AprilTag: medicion congelada
1777384576.450784,False,False,0.00000000,-1,-1,0.000000,0.000000,0.000000,False,Sin AprilTag: medicion congelada
1777384576.517424,False,False,0.00000000,-1,-1,0.000000,0.000000,0.000000,False,Sin AprilTag: medicion congelada
1777384576.583780,False,False,0.00000000,-1,-1,0.000000,0.000000,0.000000,False,Sin AprilTag: medicion congelada
1777384576.672223,False,False,0.00000000,-1,-1,0.000000,0.000000,0.000000,False,Sin AprilTag: medicion congelada
1777384576.737225,False,False,0.00000000,-1,-1,0.000000,0.000000,0.000000,False,Sin AprilTag: medicion congelada
1777384576.786713,False,False,0.00000000,-1,-1,0.000000,0.000000,0.000000,False,Sin AprilTag: medicion congelada
1777384576.852333,False,False,0.00000000,-1,-1,0.000000,0.000000,0.000000,False,Sin AprilTag: medicion congelada
1777384576.886574,False,False,0.00000000,-1,-1,0.000000,0.000000,0.000000,False,Sin AprilTag: medicion congelada
1777384576.920266,False,False,0.00000000,-1,-1,0.000000,0.000000,0.000000,False,Sin AprilTag: medicion congelada
1777384576.953985,False,False,0.00000000,-1,-1,0.000000,0.000000,0.000000,False,Sin AprilTag: medicion congelada
1777384576.988124,False,False,0.00000000,-1,-1,0.000000,0.000000,0.000000,False,Sin AprilTag: medicion congelada
1777384577.022270,False,False,0.00000000,-1,-1,0.000000,0.000000,0.000000,False,Sin AprilTag: medicion congelada
1777384577.056539,False,False,0.00000000,-1,-1,0.000000,0.000000,0.000000,False,Sin AprilTag: medicion congelada
1777384577.090013,False,False,0.00000000,-1,-1,0.000000,0.000000,0.000000,False,Sin AprilTag: medicion congelada
1777384577.123973,False,False,0.00000000,-1,-1,0.000000,0.000000,0.000000,False,Sin AprilTag: medicion congelada
1777384577.157892,False,False,0.00000000,-1,-1,0.000000,0.000000,0.000000,False,Sin AprilTag: medicion congelada
1777384577.191967,False,False,0.00000000,-1,-1,0.000000,0.000000,0.000000,False,Sin AprilTag: medicion congelada
1777384577.226007,False,False,0.00000000,-1,-1,0.000000,0.000000,0.000000,False,Sin AprilTag: medicion congelada
1777384577.260032,False,False,0.00000000,-1,-1,0.000000,0.000000,0.000000,False,Sin AprilTag: medicion congelada
1777384577.294120,False,False,0.00000000,-1,-1,0.000000,0.000000,0.000000,False,Sin AprilTag: medicion congelada
1777384577.328087,False,False,0.00000000,-1,-1,0.000000,0.000000,0.000000,False,Sin AprilTag: medicion congelada
1777384577.361097,False,False,0.00000000,-1,-1,0.000000,0.000000,0.000000,False,Sin AprilTag: medicion congelada
1777384577.395590,False,False,0.00000000,-1,-1,0.000000,0.000000,0.000000,False,Sin AprilTag: medicion congelada
1777384577.445087,False,False,0.00000000,-1,-1,0.000000,0.000000,0.000000,False,Sin AprilTag: medicion congelada
1777384577.479455,False,False,0.00000000,-1,-1,0.000000,0.000000,0.000000,False,Sin AprilTag: medicion congelada
1777384577.513239,False,False,0.00000000,-1,-1,0.000000,0.000000,0.000000,False,Sin AprilTag: medicion congelada
1777384577.546463,False,False,0.00000000,-1,-1,0.000000,0.000000,0.000000,False,Sin AprilTag: medicion congelada
1777384577.580683,False,False,0.00000000,-1,-1,0.000000,0.000000,0.000000,False,Sin AprilTag: medicion congelada
1777384577.614568,False,False,0.00000000,-1,-1,0.000000,0.000000,0.000000,False,Sin AprilTag: medicion congelada
1777384577.648587,False,False,0.00000000,-1,-1,0.000000,0.000000,0.000000,False,Sin AprilTag: medicion congelada
1777384577.680601,False,False,0.00000000,-1,-1,0.000000,0.000000,0.000000,False,Sin AprilTag: medicion congelada
1777384577.714523,False,False,0.00000000,-1,-1,0.000000,0.000000,0.000000,False,Sin AprilTag: medicion congelada
1777384577.748735,False,False,0.00000000,-1,-1,0.000000,0.000000,0.000000,False,Sin AprilTag: medicion congelada
1777384577.782618,False,False,0.00000000,-1,-1,0.000000,0.000000,0.000000,False,Sin AprilTag: medicion congelada
1777384577.828781,False,False,0.00000000,-1,-1,0.000000,0.000000,0.000000,False,Sin AprilTag: medicion congelada
1777384577.863196,False,False,0.00000000,-1,-1,0.000000,0.000000,0.000000,False,Sin AprilTag: medicion congelada
1777384577.897019,False,False,0.00000000,-1,-1,0.000000,0.000000,0.000000,False,Sin AprilTag: medicion congelada
1777384577.931242,False,False,0.00000000,-1,-1,0.000000,0.000000,0.000000,False,Sin AprilTag: medicion congelada
1777384577.965107,False,False,0.00000000,-1,-1,0.000000,0.000000,0.000000,False,Sin AprilTag: medicion congelada
1777384577.999614,False,False,0.00000000,-1,-1,0.000000,0.000000,0.000000,False,Sin AprilTag: medicion congelada
1777384578.033798,False,False,0.00000000,-1,-1,0.000000,0.000000,0.000000,False,Sin AprilTag: medicion congelada
1777384578.068681,False,False,0.00000000,-1,-1,0.000000,0.000000,0.000000,False,Sin AprilTag: medicion congelada
1777384578.102623,False,False,0.00000000,-1,-1,0.000000,0.000000,0.000000,False,Sin AprilTag: medicion congelada
1777384578.151797,False,False,0.00000000,-1,-1,0.000000,0.000000,0.000000,False,Sin AprilTag: medicion congelada
1777384578.185629,False,False,0.00000000,-1,-1,0.000000,0.000000,0.000000,False,Sin AprilTag: medicion congelada
1777384578.219475,False,False,0.00000000,-1,-1,0.000000,0.000000,0.000000,False,Sin AprilTag: medicion congelada
1777384578.253408,False,False,0.00000000,-1,-1,0.000000,0.000000,0.000000,False,Sin AprilTag: medicion congelada
1777384578.287178,False,False,0.00000000,-1,-1,0.000000,0.000000,0.000000,False,Sin AprilTag: medicion congelada
1777384578.320755,False,False,0.00000000,-1,-1,0.000000,0.000000,0.000000,False,Sin AprilTag: medicion congelada
1777384578.354930,False,False,0.00000000,-1,-1,0.000000,0.000000,0.000000,False,Sin AprilTag: medicion congelada
1777384578.388694,False,False,0.00000000,-1,-1,0.000000,0.000000,0.000000,False,Sin AprilTag: medicion congelada
1777384578.423432,False,False,0.00000000,-1,-1,0.000000,0.000000,0.000000,False,Sin AprilTag: medicion congelada
1777384578.456212,False,False,0.00000000,-1,-1,0.000000,0.000000,0.000000,False,Sin AprilTag: medicion congelada
1777384578.489831,False,False,0.00000000,-1,-1,0.000000,0.000000,0.000000,False,Sin AprilTag: medicion congelada
1777384578.523800,False,False,0.00000000,-1,-1,0.000000,0.000000,0.000000,False,Sin AprilTag: medicion congelada
1777384578.558050,False,False,0.00000000,-1,-1,0.000000,0.000000,0.000000,False,Sin AprilTag: medicion congelada
1777384578.592268,False,False,0.00000000,-1,-1,0.000000,0.000000,0.000000,False,Sin AprilTag: medicion congelada
1777384578.625875,False,False,0.00000000,-1,-1,0.000000,0.000000,0.000000,False,Sin AprilTag: medicion congelada
1777384578.659862,False,False,0.00000000,-1,-1,0.000000,0.000000,0.000000,False,Sin AprilTag: medicion congelada
1777384578.692581,False,False,0.00000000,-1,-1,0.000000,0.000000,0.000000,False,Sin AprilTag: medicion congelada
1777384578.742008,False,False,0.00000000,-1,-1,0.000000,0.000000,0.000000,False,Sin AprilTag: medicion congelada
1777384578.776254,False,False,0.00000000,-1,-1,0.000000,0.000000,0.000000,False,Sin AprilTag: medicion congelada
1777384578.810736,False,False,0.00000000,-1,-1,0.000000,0.000000,0.000000,False,Sin AprilTag: medicion congelada
1777384578.844759,False,False,0.00000000,-1,-1,0.000000,0.000000,0.000000,False,Sin AprilTag: medicion congelada
1777384578.878736,False,False,0.00000000,-1,-1,0.000000,0.000000,0.000000,False,Sin AprilTag: medicion congelada
1777384578.912638,False,False,0.00000000,-1,-1,0.000000,0.000000,0.000000,False,Sin AprilTag: medicion congelada
1777384578.945416,False,False,0.00000000,-1,-1,0.000000,0.000000,0.000000,False,Sin AprilTag: medicion congelada
1777384578.979205,False,False,0.00000000,-1,-1,0.000000,0.000000,0.000000,False,Sin AprilTag: medicion congelada
1777384579.013326,False,False,0.00000000,-1,-1,0.000000,0.000000,0.000000,False,Sin AprilTag: medicion congelada
1777384579.047643,False,False,0.00000000,-1,-1,0.000000,0.000000,0.000000,False,Sin AprilTag: medicion congelada
1777384579.082088,False,False,0.00000000,-1,-1,0.000000,0.000000,0.000000,False,Sin AprilTag: medicion congelada
1777384579.131676,False,False,0.00000000,-1,-1,0.000000,0.000000,0.000000,False,Sin AprilTag: medicion congelada
1777384579.165130,False,False,0.00000000,-1,-1,0.000000,0.000000,0.000000,False,Sin AprilTag: medicion congelada
1777384579.198144,False,False,0.00000000,-1,-1,0.000000,0.000000,0.000000,False,Sin AprilTag: medicion congelada
1777384579.232843,False,False,0.00000000,-1,-1,0.000000,0.000000,0.000000,False,Sin AprilTag: medicion congelada
1777384579.266797,False,False,0.00000000,-1,-1,0.000000,0.000000,0.000000,False,Sin AprilTag: medicion congelada
1777384579.300918,False,False,0.00000000,-1,-1,0.000000,0.000000,0.000000,False,Sin AprilTag: medicion congelada
1777384579.335051,False,False,0.00000000,-1,-1,0.000000,0.000000,0.000000,False,Sin AprilTag: medicion congelada
1777384579.368171,False,False,0.00000000,-1,-1,0.000000,0.000000,0.000000,False,Sin AprilTag: medicion congelada
1777384579.402012,False,False,0.00000000,-1,-1,0.000000,0.000000,0.000000,False,Sin AprilTag: medicion congelada
1777384579.455885,False,True,0.00000000,109,407,0.000000,0.000000,0.000000,False,Sin AprilTag: medicion congelada
1777384579.489859,False,True,0.00000000,102,400,0.000000,0.000000,0.000000,False,Sin AprilTag: medicion congelada
1777384579.540084,False,True,0.00000000,85,385,0.000000,0.000000,0.000000,False,Sin AprilTag: medicion congelada
1777384579.590107,False,True,0.00000000,87,368,0.000000,0.000000,0.000000,False,Sin AprilTag: medicion congelada
1777384579.639319,False,True,0.00000000,96,356,0.000000,0.000000,0.000000,False,Sin AprilTag: medicion congelada
1777384579.689571,False,True,0.00000000,116,403,0.000000,0.000000,0.000000,False,Sin AprilTag: medicion congelada
1777384579.740274,False,True,0.00000000,272,449,0.000000,0.000000,0.000000,False,Sin AprilTag: medicion congelada
1777384579.790380,False,True,0.00000000,336,259,0.000000,0.000000,0.000000,False,Sin AprilTag: medicion congelada
1777384579.841540,False,True,0.00000000,336,261,0.000000,0.000000,0.000000,False,Sin AprilTag: medicion congelada
1777384579.891473,False,True,0.00000000,279,449,0.000000,0.000000,0.000000,False,Sin AprilTag: medicion congelada
1777384579.941143,False,True,0.00000000,339,266,0.000000,0.000000,0.000000,False,Sin AprilTag: medicion congelada
1777384579.990739,False,True,0.00000000,288,449,0.000000,0.000000,0.000000,False,Sin AprilTag: medicion congelada
1777384580.041239,False,True,0.00000000,288,452,0.000000,0.000000,0.000000,False,Sin AprilTag: medicion congelada
1777384580.090802,False,True,0.00000000,325,282,0.000000,0.000000,0.000000,False,Sin AprilTag: medicion congelada
1777384580.124967,False,True,0.00000000,329,282,0.000000,0.000000,0.000000,False,Sin AprilTag: medicion congelada
1777384580.174196,False,True,0.00000000,300,379,0.000000,0.000000,0.000000,False,Sin AprilTag: medicion congelada
1777384580.208354,False,True,0.00000000,300,377,0.000000,0.000000,0.000000,False,Sin AprilTag: medicion congelada
1777384580.261684,False,True,0.00000000,299,379,0.000000,0.000000,0.000000,False,Sin AprilTag: medicion congelada
1777384580.310969,False,True,0.00000000,298,377,0.000000,0.000000,0.000000,False,Sin AprilTag: medicion congelada
1777384580.361044,False,True,0.00000000,296,376,0.000000,0.000000,0.000000,False,Sin AprilTag: medicion congelada
1777384580.410474,False,True,0.00000000,296,382,0.000000,0.000000,0.000000,False,Sin AprilTag: medicion congelada
1777384580.461220,False,True,0.00000000,297,382,0.000000,0.000000,0.000000,False,Sin AprilTag: medicion congelada
1777384580.511162,False,True,0.00000000,259,464,0.000000,0.000000,0.000000,False,Sin AprilTag: medicion congelada
1777384580.559986,False,True,0.00000000,257,462,0.000000,0.000000,0.000000,False,Sin AprilTag: medicion congelada
1777384580.608529,False,True,0.00000000,256,461,0.000000,0.000000,0.000000,False,Sin AprilTag: medicion congelada
1777384580.658218,False,True,0.00000000,258,459,0.000000,0.000000,0.000000,False,Sin AprilTag: medicion congelada
1777384580.707794,False,True,0.00000000,294,355,0.000000,0.000000,0.000000,False,Sin AprilTag: medicion congelada
1777384580.741450,False,True,0.00000000,284,426,0.000000,0.000000,0.000000,False,Sin AprilTag: medicion congelada
1777384580.792002,False,True,0.00000000,291,413,0.000000,0.000000,0.000000,False,Sin AprilTag: medicion congelada
1777384580.858186,False,True,0.00000000,293,405,0.000000,0.000000,0.000000,False,Sin AprilTag: medicion congelada
1777384580.924207,False,True,0.00000000,297,403,0.000000,0.000000,0.000000,False,Sin AprilTag: medicion congelada
1777384580.974178,False,True,0.00000000,589,391,0.000000,0.000000,0.000000,False,Sin AprilTag: medicion congelada
1777384581.024137,False,True,0.00000000,586,387,0.000000,0.000000,0.000000,False,Sin AprilTag: medicion congelada
1777384581.074764,False,True,0.00000000,584,382,0.000000,0.000000,0.000000,False,Sin AprilTag: medicion congelada
1777384581.124503,False,True,0.00000000,583,379,0.000000,0.000000,0.000000,False,Sin AprilTag: medicion congelada
1777384581.173422,False,True,0.00000000,581,376,0.000000,0.000000,0.000000,False,Sin AprilTag: medicion congelada
1777384581.223537,False,True,0.00000000,579,373,0.000000,0.000000,0.000000,False,Sin AprilTag: medicion congelada
1777384581.272983,False,True,0.00000000,576,369,0.000000,0.000000,0.000000,False,Sin AprilTag: medicion congelada
1777384581.307923,False,True,0.00000000,576,362,0.000000,0.000000,0.000000,False,Sin AprilTag: medicion congelada
1777384581.356410,False,True,0.00000000,575,360,0.000000,0.000000,0.000000,False,Sin AprilTag: medicion congelada
1777384581.405846,False,True,0.00000000,579,358,0.000000,0.000000,0.000000,False,Sin AprilTag: medicion congelada
1777384581.472186,False,True,0.00000000,576,356,0.000000,0.000000,0.000000,False,Sin AprilTag: medicion congelada
1777384581.522804,False,True,0.00000000,583,352,0.000000,0.000000,0.000000,False,Sin AprilTag: medicion congelada
1777384581.573697,False,True,0.00000000,579,350,0.000000,0.000000,0.000000,False,Sin AprilTag: medicion congelada
1777384581.623536,False,True,0.00000000,585,344,0.000000,0.000000,0.000000,False,Sin AprilTag: medicion congelada
1777384581.657598,False,True,0.00000000,584,342,0.000000,0.000000,0.000000,False,Sin AprilTag: medicion congelada
1777384581.692787,False,True,0.00000000,582,342,0.000000,0.000000,0.000000,False,Sin AprilTag: medicion congelada
1777384581.744604,False,True,0.00000000,583,341,0.000000,0.000000,0.000000,False,Sin AprilTag: medicion congelada
1777384581.810681,False,True,0.00000000,586,340,0.000000,0.000000,0.000000,False,Sin AprilTag: medicion congelada
1777384581.876986,False,True,0.00000000,590,337,0.000000,0.000000,0.000000,False,Sin AprilTag: medicion congelada
1777384581.927097,False,True,0.00000000,591,337,0.000000,0.000000,0.000000,False,Sin AprilTag: medicion congelada
1777384581.978276,False,True,0.00000000,595,336,0.000000,0.000000,0.000000,False,Sin AprilTag: medicion congelada
1777384582.028296,False,True,0.00000000,598,336,0.000000,0.000000,0.000000,False,Sin AprilTag: medicion congelada
1777384582.078725,False,True,0.00000000,598,335,0.000000,0.000000,0.000000,False,Sin AprilTag: medicion congelada
1777384582.129577,False,True,0.00000000,599,337,0.000000,0.000000,0.000000,False,Sin AprilTag: medicion congelada
1777384582.196047,False,True,0.00000000,247,343,0.000000,0.000000,0.000000,False,Sin AprilTag: medicion congelada
1777384582.262787,False,True,0.00000000,256,351,0.000000,0.000000,0.000000,False,Sin AprilTag: medicion congelada
1777384582.310848,False,True,0.00000000,607,330,0.000000,0.000000,0.000000,False,Sin AprilTag: medicion congelada
1777384582.344712,False,True,0.00000000,605,329,0.000000,0.000000,0.000000,False,Sin AprilTag: medicion congelada
1777384582.394000,False,True,0.00000000,602,335,0.000000,0.000000,0.000000,False,Sin AprilTag: medicion congelada
1777384582.461300,False,True,0.00000000,583,341,0.000000,0.000000,0.000000,False,Sin AprilTag: medicion congelada
1777384582.526752,False,True,0.00000000,577,344,0.000000,0.000000,0.000000,False,Sin AprilTag: medicion congelada
1777384582.576308,False,True,0.00000000,570,348,0.000000,0.000000,0.000000,False,Sin AprilTag: medicion congelada
1777384582.626582,False,True,0.00000000,564,351,0.000000,0.000000,0.000000,False,Sin AprilTag: medicion congelada
1777384582.692545,False,True,0.00000000,549,362,0.000000,0.000000,0.000000,False,Sin AprilTag: medicion congelada
1777384582.758641,False,True,0.00000000,546,365,0.000000,0.000000,0.000000,False,Sin AprilTag: medicion congelada
1777384582.832591,False,True,0.00000000,543,366,0.000000,0.000000,0.000000,False,Sin AprilTag: medicion congelada
1777384582.872191,False,True,0.00000000,544,368,0.000000,0.000000,0.000000,False,Sin AprilTag: medicion congelada
1777384582.905005,False,True,0.00000000,545,366,0.000000,0.000000,0.000000,False,Sin AprilTag: medicion congelada
1777384582.937665,False,True,0.00000000,550,366,0.000000,0.000000,0.000000,False,Sin AprilTag: medicion congelada
1777384582.971719,False,True,0.00000000,559,364,0.000000,0.000000,0.000000,False,Sin AprilTag: medicion congelada
1777384583.005263,False,True,0.00000000,567,362,0.000000,0.000000,0.000000,False,Sin AprilTag: medicion congelada
1777384583.038880,False,True,0.00000000,582,358,0.000000,0.000000,0.000000,False,Sin AprilTag: medicion congelada
1777384583.088529,False,True,0.00000000,618,306,0.000000,0.000000,0.000000,False,Sin AprilTag: medicion congelada
1777384583.121745,False,False,0.00000000,-1,-1,0.000000,0.000000,0.000000,False,Sin AprilTag: medicion congelada
1777384583.156087,False,False,0.00000000,-1,-1,0.000000,0.000000,0.000000,False,Sin AprilTag: medicion congelada
1777384583.204004,False,False,0.00000000,-1,-1,0.000000,0.000000,0.000000,False,Sin AprilTag: medicion congelada
1777384583.253375,False,False,0.00000000,-1,-1,0.000000,0.000000,0.000000,False,Sin AprilTag: medicion congelada
1777384583.304488,False,False,0.00000000,-1,-1,0.000000,0.000000,0.000000,False,Sin AprilTag: medicion congelada
1777384583.354306,False,False,0.00000000,-1,-1,0.000000,0.000000,0.000000,False,Sin AprilTag: medicion congelada
1777384583.404339,False,False,0.00000000,-1,-1,0.000000,0.000000,0.000000,False,Sin AprilTag: medicion congelada
1777384583.461948,False,False,0.00000000,-1,-1,0.000000,0.000000,0.000000,False,Sin AprilTag: medicion congelada
1777384583.526809,False,False,0.00000000,-1,-1,0.000000,0.000000,0.000000,False,Sin AprilTag: medicion congelada
1777384583.560626,False,False,0.00000000,-1,-1,0.000000,0.000000,0.000000,False,Sin AprilTag: medicion congelada
1777384583.610533,False,False,0.00000000,-1,-1,0.000000,0.000000,0.000000,False,Sin AprilTag: medicion congelada
1777384583.678123,False,False,0.00000000,-1,-1,0.000000,0.000000,0.000000,False,Sin AprilTag: medicion congelada
1777384583.742766,False,False,0.00000000,-1,-1,0.000000,0.000000,0.000000,False,Sin AprilTag: medicion congelada
1777384583.822975,False,False,0.00000000,-1,-1,0.000000,0.000000,0.000000,False,Sin AprilTag: medicion congelada
1777384583.890049,False,False,0.00000000,-1,-1,0.000000,0.000000,0.000000,False,Sin AprilTag: medicion congelada
1777384583.955535,False,False,0.00000000,-1,-1,0.000000,0.000000,0.000000,False,Sin AprilTag: medicion congelada
1777384584.005790,False,False,0.00000000,-1,-1,0.000000,0.000000,0.000000,False,Sin AprilTag: medicion congelada
1777384584.071193,False,False,0.00000000,-1,-1,0.000000,0.000000,0.000000,False,Sin AprilTag: medicion congelada
1777384584.120959,False,False,0.00000000,-1,-1,0.000000,0.000000,0.000000,False,Sin AprilTag: medicion congelada
1777384584.171159,False,False,0.00000000,-1,-1,0.000000,0.000000,0.000000,False,Sin AprilTag: medicion congelada
1777384584.222865,False,False,0.00000000,-1,-1,0.000000,0.000000,0.000000,False,Sin AprilTag: medicion congelada
1777384584.272053,False,False,0.00000000,-1,-1,0.000000,0.000000,0.000000,False,Sin AprilTag: medicion congelada
1777384584.322032,False,False,0.00000000,-1,-1,0.000000,0.000000,0.000000,False,Sin AprilTag: medicion congelada
1777384584.371938,False,False,0.00000000,-1,-1,0.000000,0.000000,0.000000,False,Sin AprilTag: medicion congelada
1777384584.421562,False,False,0.00000000,-1,-1,0.000000,0.000000,0.000000,False,Sin AprilTag: medicion congelada
1777384584.472144,False,False,0.00000000,-1,-1,0.000000,0.000000,0.000000,False,Sin AprilTag: medicion congelada
1777384584.537706,False,False,0.00000000,-1,-1,0.000000,0.000000,0.000000,False,Sin AprilTag: medicion congelada
1777384584.587626,False,False,0.00000000,-1,-1,0.000000,0.000000,0.000000,False,Sin AprilTag: medicion congelada
1777384584.654903,False,False,0.00000000,-1,-1,0.000000,0.000000,0.000000,False,Sin AprilTag: medicion congelada
1777384584.703609,False,False,0.00000000,-1,-1,0.000000,0.000000,0.000000,False,Sin AprilTag: medicion congelada
1777384584.751683,False,False,0.00000000,-1,-1,0.000000,0.000000,0.000000,False,Sin AprilTag: medicion congelada
1777384584.801642,False,False,0.00000000,-1,-1,0.000000,0.000000,0.000000,False,Sin AprilTag: medicion congelada
1777384584.851218,False,False,0.00000000,-1,-1,0.000000,0.000000,0.000000,False,Sin AprilTag: medicion congelada
1777384584.901616,False,False,0.00000000,-1,-1,0.000000,0.000000,0.000000,False,Sin AprilTag: medicion congelada
1777384584.951622,False,False,0.00000000,-1,-1,0.000000,0.000000,0.000000,False,Sin AprilTag: medicion congelada
1777384585.001259,False,False,0.00000000,-1,-1,0.000000,0.000000,0.000000,False,Sin AprilTag: medicion congelada
1777384585.068237,False,False,0.00000000,-1,-1,0.000000,0.000000,0.000000,False,Sin AprilTag: medicion congelada
1777384585.134323,False,False,0.00000000,-1,-1,0.000000,0.000000,0.000000,False,Sin AprilTag: medicion congelada
1777384585.199600,False,False,0.00000000,-1,-1,0.000000,0.000000,0.000000,False,Sin AprilTag: medicion congelada
1777384585.264916,False,False,0.00000000,-1,-1,0.000000,0.000000,0.000000,False,Sin AprilTag: medicion congelada
1777384585.315132,False,False,0.00000000,-1,-1,0.000000,0.000000,0.000000,False,Sin AprilTag: medicion congelada
1777384585.380700,False,False,0.00000000,-1,-1,0.000000,0.000000,0.000000,False,Sin AprilTag: medicion congelada
1777384585.430418,False,False,0.00000000,-1,-1,0.000000,0.000000,0.000000,False,Sin AprilTag: medicion congelada
1777384585.480917,False,False,0.00000000,-1,-1,0.000000,0.000000,0.000000,False,Sin AprilTag: medicion congelada
1777384585.547383,False,False,0.00000000,-1,-1,0.000000,0.000000,0.000000,False,Sin AprilTag: medicion congelada
1777384585.614150,False,False,0.00000000,-1,-1,0.000000,0.000000,0.000000,False,Sin AprilTag: medicion congelada
1777384585.678859,False,False,0.00000000,-1,-1,0.000000,0.000000,0.000000,False,Sin AprilTag: medicion congelada
1777384585.744498,False,False,0.00000000,-1,-1,0.000000,0.000000,0.000000,False,Sin AprilTag: medicion congelada
1777384585.793088,False,False,0.00000000,-1,-1,0.000000,0.000000,0.000000,False,Sin AprilTag: medicion congelada
1777384585.861180,False,False,0.00000000,-1,-1,0.000000,0.000000,0.000000,False,Sin AprilTag: medicion congelada
1777384585.926024,False,False,0.00000000,-1,-1,0.000000,0.000000,0.000000,False,Sin AprilTag: medicion congelada
1777384585.975983,False,False,0.00000000,-1,-1,0.000000,0.000000,0.000000,False,Sin AprilTag: medicion congelada
1777384586.025981,False,False,0.00000000,-1,-1,0.000000,0.000000,0.000000,False,Sin AprilTag: medicion congelada
1777384586.060441,False,False,0.00000000,-1,-1,0.000000,0.000000,0.000000,False,Sin AprilTag: medicion congelada
1777384586.110275,False,False,0.00000000,-1,-1,0.000000,0.000000,0.000000,False,Sin AprilTag: medicion congelada
1777384586.177380,False,False,0.00000000,-1,-1,0.000000,0.000000,0.000000,False,Sin AprilTag: medicion congelada
1777384586.243957,False,False,0.00000000,-1,-1,0.000000,0.000000,0.000000,False,Sin AprilTag: medicion congelada
1777384586.310207,False,False,0.00000000,-1,-1,0.000000,0.000000,0.000000,False,Sin AprilTag: medicion congelada
1777384586.377300,False,False,0.00000000,-1,-1,0.000000,0.000000,0.000000,False,Sin AprilTag: medicion congelada
1777384586.443209,False,False,0.00000000,-1,-1,0.000000,0.000000,0.000000,False,Sin AprilTag: medicion congelada
1777384586.493240,False,False,0.00000000,-1,-1,0.000000,0.000000,0.000000,False,Sin AprilTag: medicion congelada
1777384586.543732,False,False,0.00000000,-1,-1,0.000000,0.000000,0.000000,False,Sin AprilTag: medicion congelada
1777384586.591717,False,False,0.00000000,-1,-1,0.000000,0.000000,0.000000,False,Sin AprilTag: medicion congelada
1777384586.658013,False,False,0.00000000,-1,-1,0.000000,0.000000,0.000000,False,Sin AprilTag: medicion congelada
1777384586.725240,False,False,0.00000000,-1,-1,0.000000,0.000000,0.000000,False,Sin AprilTag: medicion congelada
1777384586.774457,False,False,0.00000000,-1,-1,0.000000,0.000000,0.000000,False,Sin AprilTag: medicion congelada
1777384586.824551,False,False,0.00000000,-1,-1,0.000000,0.000000,0.000000,False,Sin AprilTag: medicion congelada
1777384586.889523,False,False,0.00000000,-1,-1,0.000000,0.000000,0.000000,False,Sin AprilTag: medicion congelada
1777384586.956138,False,False,0.00000000,-1,-1,0.000000,0.000000,0.000000,False,Sin AprilTag: medicion congelada
1777384587.022177,False,False,0.00000000,-1,-1,0.000000,0.000000,0.000000,False,Sin AprilTag: medicion congelada
1777384587.074438,False,False,0.00000000,-1,-1,0.000000,0.000000,0.000000,False,Sin AprilTag: medicion congelada
1777384587.124454,False,False,0.00000000,-1,-1,0.000000,0.000000,0.000000,False,Sin AprilTag: medicion congelada
1777384587.190422,False,False,0.00000000,-1,-1,0.000000,0.000000,0.000000,False,Sin AprilTag: medicion congelada
1777384587.257036,False,False,0.00000000,-1,-1,0.000000,0.000000,0.000000,False,Sin AprilTag: medicion congelada
1777384587.323756,False,False,0.00000000,-1,-1,0.000000,0.000000,0.000000,False,Sin AprilTag: medicion congelada
1777384587.390021,False,False,0.00000000,-1,-1,0.000000,0.000000,0.000000,False,Sin AprilTag: medicion congelada
1777384587.454852,False,False,0.00000000,-1,-1,0.000000,0.000000,0.000000,False,Sin AprilTag: medicion congelada
1777384587.521235,False,False,0.00000000,-1,-1,0.000000,0.000000,0.000000,False,Sin AprilTag: medicion congelada
1777384587.586638,False,False,0.00000000,-1,-1,0.000000,0.000000,0.000000,False,Sin AprilTag: medicion congelada
1777384587.619846,False,False,0.00000000,-1,-1,0.000000,0.000000,0.000000,False,Sin AprilTag: medicion congelada
1777384587.669934,False,False,0.00000000,-1,-1,0.000000,0.000000,0.000000,False,Sin AprilTag: medicion congelada
1777384587.720553,False,True,0.00000000,257,369,0.000000,0.000000,0.000000,False,Sin AprilTag: medicion congelada
1777384587.769310,False,True,0.00000000,259,332,0.000000,0.000000,0.000000,False,Sin AprilTag: medicion congelada
1777384587.820768,False,True,0.00000000,248,309,0.000000,0.000000,0.000000,False,Sin AprilTag: medicion congelada
1777384587.870752,False,True,0.00000000,223,330,0.000000,0.000000,0.000000,False,Sin AprilTag: medicion congelada
1777384587.920590,False,True,0.00000000,219,285,0.000000,0.000000,0.000000,False,Sin AprilTag: medicion congelada
1777384587.971219,False,True,0.00000000,222,279,0.000000,0.000000,0.000000,False,Sin AprilTag: medicion congelada
1777384588.020881,False,True,0.00000000,236,292,0.000000,0.000000,0.000000,False,Sin AprilTag: medicion congelada
1777384588.070650,False,True,0.00000000,242,295,0.000000,0.000000,0.000000,False,Sin AprilTag: medicion congelada
1777384588.119696,False,True,0.00000000,245,294,0.000000,0.000000,0.000000,False,Sin AprilTag: medicion congelada
1777384588.169950,False,True,0.00000000,248,293,0.000000,0.000000,0.000000,False,Sin AprilTag: medicion congelada
1777384588.220419,False,True,0.00000000,250,295,0.000000,0.000000,0.000000,False,Sin AprilTag: medicion congelada
1777384588.270732,False,True,0.00000000,252,295,0.000000,0.000000,0.000000,False,Sin AprilTag: medicion congelada
1777384588.321051,False,True,0.00000000,254,296,0.000000,0.000000,0.000000,False,Sin AprilTag: medicion congelada
1777384588.371715,False,True,0.00000000,268,311,0.000000,0.000000,0.000000,False,Sin AprilTag: medicion congelada
1777384588.422031,False,True,0.00000000,275,315,0.000000,0.000000,0.000000,False,Sin AprilTag: medicion congelada
1777384588.488992,False,True,0.00000000,273,318,0.000000,0.000000,0.000000,False,Sin AprilTag: medicion congelada
1777384588.554556,False,True,0.00000000,278,328,0.000000,0.000000,0.000000,False,Sin AprilTag: medicion congelada
1777384588.605219,False,True,0.00000000,278,329,0.000000,0.000000,0.000000,False,Sin AprilTag: medicion congelada
1777384588.670152,False,True,0.00000000,276,332,0.000000,0.000000,0.000000,False,Sin AprilTag: medicion congelada
1777384588.736171,False,True,0.00000000,275,332,0.000000,0.000000,0.000000,False,Sin AprilTag: medicion congelada
1777384588.801999,False,True,0.00000000,268,342,0.000000,0.000000,0.000000,False,Sin AprilTag: medicion congelada
1777384588.867882,False,True,0.00000000,268,342,0.000000,0.000000,0.000000,False,Sin AprilTag: medicion congelada
1777384588.917925,False,True,0.00000000,267,344,0.000000,0.000000,0.000000,False,Sin AprilTag: medicion congelada
1777384588.968184,False,True,0.00000000,270,344,0.000000,0.000000,0.000000,False,Sin AprilTag: medicion congelada
1777384589.082554,False,True,0.00000000,263,348,0.000000,0.000000,0.000000,False,Sin AprilTag: medicion congelada
1777384589.132043,False,True,0.00000000,263,349,0.000000,0.000000,0.000000,False,Sin AprilTag: medicion congelada
1777384589.182143,False,True,0.00000000,262,349,0.000000,0.000000,0.000000,False,Sin AprilTag: medicion congelada
1777384589.232479,False,True,0.00000000,263,349,0.000000,0.000000,0.000000,False,Sin AprilTag: medicion congelada
1777384589.283617,False,True,0.00000000,262,350,0.000000,0.000000,0.000000,False,Sin AprilTag: medicion congelada
1777384589.349712,False,True,0.00000000,262,350,0.000000,0.000000,0.000000,False,Sin AprilTag: medicion congelada
1777384589.416769,False,True,0.00000000,270,350,0.000000,0.000000,0.000000,False,Sin AprilTag: medicion congelada
1777384589.483625,False,True,0.00000000,269,350,0.000000,0.000000,0.000000,False,Sin AprilTag: medicion congelada
1777384589.549450,False,True,0.00000000,270,349,0.000000,0.000000,0.000000,False,Sin AprilTag: medicion congelada
1777384589.598669,False,True,0.00000000,269,349,0.000000,0.000000,0.000000,False,Sin AprilTag: medicion congelada
1777384589.665035,False,True,0.00000000,269,350,0.000000,0.000000,0.000000,False,Sin AprilTag: medicion congelada
1777384589.731035,False,True,0.00000000,275,350,0.000000,0.000000,0.000000,False,Sin AprilTag: medicion congelada
1777384589.797715,False,True,0.00000000,276,348,0.000000,0.000000,0.000000,False,Sin AprilTag: medicion congelada
1777384589.859584,False,True,0.00000000,286,343,0.000000,0.000000,0.000000,False,Sin AprilTag: medicion congelada
1777384589.925567,False,True,0.00000000,287,343,0.000000,0.000000,0.000000,False,Sin AprilTag: medicion congelada
1777384589.975926,False,True,0.00000000,289,342,0.000000,0.000000,0.000000,False,Sin AprilTag: medicion congelada
1777384590.042506,False,True,0.00000000,288,340,0.000000,0.000000,0.000000,False,Sin AprilTag: medicion congelada
1777384590.109318,False,True,0.00000000,293,337,0.000000,0.000000,0.000000,False,Sin AprilTag: medicion congelada
1777384590.159336,False,True,0.00000000,291,338,0.000000,0.000000,0.000000,False,Sin AprilTag: medicion congelada
1777384590.210108,False,True,0.00000000,291,338,0.000000,0.000000,0.000000,False,Sin AprilTag: medicion congelada
1777384590.276965,False,True,0.00000000,295,339,0.000000,0.000000,0.000000,False,Sin AprilTag: medicion congelada
1777384590.342879,False,True,0.00000000,292,337,0.000000,0.000000,0.000000,False,Sin AprilTag: medicion congelada
1777384590.410306,False,True,0.00000000,292,336,0.000000,0.000000,0.000000,False,Sin AprilTag: medicion congelada
1777384590.477232,False,True,0.00000000,292,334,0.000000,0.000000,0.000000,False,Sin AprilTag: medicion congelada
1777384590.543966,False,True,0.00000000,290,331,0.000000,0.000000,0.000000,False,Sin AprilTag: medicion congelada
1777384590.608876,False,True,0.00000000,294,326,0.000000,0.000000,0.000000,False,Sin AprilTag: medicion congelada
1777384590.673316,False,True,0.00000000,290,329,0.000000,0.000000,0.000000,False,Sin AprilTag: medicion congelada
1777384590.723307,False,True,0.00000000,290,330,0.000000,0.000000,0.000000,False,Sin AprilTag: medicion congelada
1777384590.774987,False,True,0.00000000,290,333,0.000000,0.000000,0.000000,False,Sin AprilTag: medicion congelada
1777384590.826054,False,True,0.00000000,292,333,0.000000,0.000000,0.000000,False,Sin AprilTag: medicion congelada
1777384590.875594,False,True,0.00000000,293,333,0.000000,0.000000,0.000000,False,Sin AprilTag: medicion congelada
1777384590.925885,False,True,0.00000000,294,333,0.000000,0.000000,0.000000,False,Sin AprilTag: medicion congelada
1777384590.992342,False,True,0.00000000,296,338,0.000000,0.000000,0.000000,False,Sin AprilTag: medicion congelada
1777384591.041146,False,True,0.00000000,298,338,0.000000,0.000000,0.000000,False,Sin AprilTag: medicion congelada
1777384591.092114,False,True,0.00000000,298,339,0.000000,0.000000,0.000000,False,Sin AprilTag: medicion congelada
1777384591.142512,False,True,0.00000000,299,339,0.000000,0.000000,0.000000,False,Sin AprilTag: medicion congelada
1777384591.193734,False,True,0.00000000,298,340,0.000000,0.000000,0.000000,False,Sin AprilTag: medicion congelada
1777384591.243695,False,True,0.00000000,300,343,0.000000,0.000000,0.000000,False,Sin AprilTag: medicion congelada
1777384591.294448,False,True,0.00000000,300,344,0.000000,0.000000,0.000000,False,Sin AprilTag: medicion congelada
1777384591.359720,False,True,0.00000000,300,344,0.000000,0.000000,0.000000,False,Sin AprilTag: medicion congelada
1777384591.425983,False,True,0.00000000,300,344,0.000000,0.000000,0.000000,False,Sin AprilTag: medicion congelada
1777384591.476682,False,True,0.00000000,300,343,0.000000,0.000000,0.000000,False,Sin AprilTag: medicion congelada
1777384591.527568,False,True,0.00000000,305,342,0.000000,0.000000,0.000000,False,Sin AprilTag: medicion congelada
1777384591.577673,False,True,0.00000000,298,341,0.000000,0.000000,0.000000,False,Sin AprilTag: medicion congelada
1777384591.627430,False,True,0.00000000,297,340,0.000000,0.000000,0.000000,False,Sin AprilTag: medicion congelada
1777384591.677715,False,True,0.00000000,297,340,0.000000,0.000000,0.000000,False,Sin AprilTag: medicion congelada
1777384591.745438,False,True,0.00000000,296,340,0.000000,0.000000,0.000000,False,Sin AprilTag: medicion congelada
1777384591.811178,False,True,0.00000000,297,340,0.000000,0.000000,0.000000,False,Sin AprilTag: medicion congelada
1777384591.861652,False,True,0.00000000,296,339,0.000000,0.000000,0.000000,False,Sin AprilTag: medicion congelada
1777384591.912900,False,True,0.00000000,296,341,0.000000,0.000000,0.000000,False,Sin AprilTag: medicion congelada
1777384591.963378,False,True,0.00000000,298,340,0.000000,0.000000,0.000000,False,Sin AprilTag: medicion congelada
1777384592.012256,False,True,0.00000000,298,340,0.000000,0.000000,0.000000,False,Sin AprilTag: medicion congelada
1777384592.062444,False,True,0.00000000,295,340,0.000000,0.000000,0.000000,False,Sin AprilTag: medicion congelada
1777384592.112015,False,True,0.00000000,294,339,0.000000,0.000000,0.000000,False,Sin AprilTag: medicion congelada
1777384592.160885,False,True,0.00000000,294,337,0.000000,0.000000,0.000000,False,Sin AprilTag: medicion congelada
1777384592.210197,False,True,0.00000000,294,337,0.000000,0.000000,0.000000,False,Sin AprilTag: medicion congelada
1777384592.275748,False,True,0.00000000,293,337,0.000000,0.000000,0.000000,False,Sin AprilTag: medicion congelada
1777384592.326395,False,True,0.00000000,293,336,0.000000,0.000000,0.000000,False,Sin AprilTag: medicion congelada
1777384592.376824,False,True,0.00000000,293,336,0.000000,0.000000,0.000000,False,Sin AprilTag: medicion congelada
1777384592.427427,False,True,0.00000000,293,335,0.000000,0.000000,0.000000,False,Sin AprilTag: medicion congelada
1777384592.478325,False,True,0.00000000,294,336,0.000000,0.000000,0.000000,False,Sin AprilTag: medicion congelada
1777384592.528095,False,True,0.00000000,293,337,0.000000,0.000000,0.000000,False,Sin AprilTag: medicion congelada
1777384592.578246,False,True,0.00000000,294,336,0.000000,0.000000,0.000000,False,Sin AprilTag: medicion congelada
1777384592.628951,False,True,0.00000000,295,337,0.000000,0.000000,0.000000,False,Sin AprilTag: medicion congelada
1777384592.696394,False,True,0.00000000,297,339,0.000000,0.000000,0.000000,False,Sin AprilTag: medicion congelada
1777384592.761280,False,True,0.00000000,297,340,0.000000,0.000000,0.000000,False,Sin AprilTag: medicion congelada
1777384592.811656,False,True,0.00000000,298,340,0.000000,0.000000,0.000000,False,Sin AprilTag: medicion congelada
1777384592.844751,False,True,0.00000000,299,338,0.000000,0.000000,0.000000,False,Sin AprilTag: medicion congelada
1777384592.878367,False,True,0.00000000,300,340,0.000000,0.000000,0.000000,False,Sin AprilTag: medicion congelada
1777384592.912183,False,False,0.00000000,-1,-1,0.000000,0.000000,0.000000,False,Sin AprilTag: medicion congelada
1777384592.946426,False,True,0.00000000,321,343,0.000000,0.000000,0.000000,False,Sin AprilTag: medicion congelada
1777384592.980502,False,True,0.00000000,320,320,0.000000,0.000000,0.000000,False,Sin AprilTag: medicion congelada
1777384593.014570,False,True,0.00000000,321,342,0.000000,0.000000,0.000000,False,Sin AprilTag: medicion congelada
1777384593.048545,False,True,0.00000000,322,340,0.000000,0.000000,0.000000,False,Sin AprilTag: medicion congelada
1777384593.083004,False,True,0.00000000,321,345,0.000000,0.000000,0.000000,False,Sin AprilTag: medicion congelada
1777384593.116646,False,True,0.00000000,303,348,0.000000,0.000000,0.000000,False,Sin AprilTag: medicion congelada
1777384593.149790,False,True,0.00000000,304,346,0.000000,0.000000,0.000000,False,Sin AprilTag: medicion congelada
1777384593.182482,False,True,0.00000000,303,347,0.000000,0.000000,0.000000,False,Sin AprilTag: medicion congelada
1777384593.216438,False,True,0.00000000,303,348,0.000000,0.000000,0.000000,False,Sin AprilTag: medicion congelada
1777384593.250569,False,True,0.00000000,304,351,0.000000,0.000000,0.000000,False,Sin AprilTag: medicion congelada
1777384593.284058,False,True,0.00000000,305,355,0.000000,0.000000,0.000000,False,Sin AprilTag: medicion congelada
1777384593.317284,False,True,0.00000000,305,363,0.000000,0.000000,0.000000,False,Sin AprilTag: medicion congelada
1777384593.351537,False,True,0.00000000,306,372,0.000000,0.000000,0.000000,False,Sin AprilTag: medicion congelada
1777384593.385849,False,True,0.00000000,317,371,0.000000,0.000000,0.000000,False,Sin AprilTag: medicion congelada
1777384593.419531,False,True,0.00000000,334,392,0.000000,0.000000,0.000000,False,Sin AprilTag: medicion congelada
1777384593.472670,False,False,0.00000000,-1,-1,0.000000,0.000000,0.000000,False,Sin AprilTag: medicion congelada
1777384593.507006,False,False,0.00000000,-1,-1,0.000000,0.000000,0.000000,False,Sin AprilTag: medicion congelada
1777384593.540107,False,False,0.00000000,-1,-1,0.000000,0.000000,0.000000,False,Sin AprilTag: medicion congelada
1777384593.573757,False,False,0.00000000,-1,-1,0.000000,0.000000,0.000000,False,Sin AprilTag: medicion congelada
1777384593.608160,False,False,0.00000000,-1,-1,0.000000,0.000000,0.000000,False,Sin AprilTag: medicion congelada
1777384593.642178,False,False,0.00000000,-1,-1,0.000000,0.000000,0.000000,False,Sin AprilTag: medicion congelada
1777384593.676363,False,False,0.00000000,-1,-1,0.000000,0.000000,0.000000,False,Sin AprilTag: medicion congelada
1777384593.710616,False,False,0.00000000,-1,-1,0.000000,0.000000,0.000000,False,Sin AprilTag: medicion congelada
1777384593.744256,False,False,0.00000000,-1,-1,0.000000,0.000000,0.000000,False,Sin AprilTag: medicion congelada
1777384593.778115,False,False,0.00000000,-1,-1,0.000000,0.000000,0.000000,False,Sin AprilTag: medicion congelada
1777384593.812110,False,False,0.00000000,-1,-1,0.000000,0.000000,0.000000,False,Sin AprilTag: medicion congelada
1777384593.845920,False,False,0.00000000,-1,-1,0.000000,0.000000,0.000000,False,Sin AprilTag: medicion congelada
1777384593.879831,False,False,0.00000000,-1,-1,0.000000,0.000000,0.000000,False,Sin AprilTag: medicion congelada
1777384593.913667,False,False,0.00000000,-1,-1,0.000000,0.000000,0.000000,False,Sin AprilTag: medicion congelada
1777384593.947996,False,False,0.00000000,-1,-1,0.000000,0.000000,0.000000,False,Sin AprilTag: medicion congelada
1777384593.982086,False,False,0.00000000,-1,-1,0.000000,0.000000,0.000000,False,Sin AprilTag: medicion congelada
1777384594.016217,False,False,0.00000000,-1,-1,0.000000,0.000000,0.000000,False,Sin AprilTag: medicion congelada
1777384594.050275,False,False,0.00000000,-1,-1,0.000000,0.000000,0.000000,False,Sin AprilTag: medicion congelada
1777384594.084236,False,False,0.00000000,-1,-1,0.000000,0.000000,0.000000,False,Sin AprilTag: medicion congelada
1777384594.117031,False,False,0.00000000,-1,-1,0.000000,0.000000,0.000000,False,Sin AprilTag: medicion congelada
1777384594.151354,False,False,0.00000000,-1,-1,0.000000,0.000000,0.000000,False,Sin AprilTag: medicion congelada
1777384594.185515,False,False,0.00000000,-1,-1,0.000000,0.000000,0.000000,False,Sin AprilTag: medicion congelada
1777384594.219785,False,False,0.00000000,-1,-1,0.000000,0.000000,0.000000,False,Sin AprilTag: medicion congelada
1777384594.253014,False,False,0.00000000,-1,-1,0.000000,0.000000,0.000000,False,Sin AprilTag: medicion congelada
1777384594.286746,False,False,0.00000000,-1,-1,0.000000,0.000000,0.000000,False,Sin AprilTag: medicion congelada
1777384594.319217,False,False,0.00000000,-1,-1,0.000000,0.000000,0.000000,False,Sin AprilTag: medicion congelada
1777384594.369088,False,False,0.00000000,-1,-1,0.000000,0.000000,0.000000,False,Sin AprilTag: medicion congelada
1777384594.402525,False,False,0.00000000,-1,-1,0.000000,0.000000,0.000000,False,Sin AprilTag: medicion congelada
1777384594.436415,False,False,0.00000000,-1,-1,0.000000,0.000000,0.000000,False,Sin AprilTag: medicion congelada
1777384594.470283,False,False,0.00000000,-1,-1,0.000000,0.000000,0.000000,False,Sin AprilTag: medicion congelada
1777384594.504723,False,False,0.00000000,-1,-1,0.000000,0.000000,0.000000,False,Sin AprilTag: medicion congelada
1777384594.539070,False,False,0.00000000,-1,-1,0.000000,0.000000,0.000000,False,Sin AprilTag: medicion congelada
1777384594.574201,False,False,0.00000000,-1,-1,0.000000,0.000000,0.000000,False,Sin AprilTag: medicion congelada
1777384594.607168,False,False,0.00000000,-1,-1,0.000000,0.000000,0.000000,False,Sin AprilTag: medicion congelada
1777384594.641180,False,False,0.00000000,-1,-1,0.000000,0.000000,0.000000,False,Sin AprilTag: medicion congelada
1777384594.674960,False,False,0.00000000,-1,-1,0.000000,0.000000,0.000000,False,Sin AprilTag: medicion congelada
1777384594.709185,False,False,0.00000000,-1,-1,0.000000,0.000000,0.000000,False,Sin AprilTag: medicion congelada
1777384594.743718,False,False,0.00000000,-1,-1,0.000000,0.000000,0.000000,False,Sin AprilTag: medicion congelada
1777384594.778054,False,False,0.00000000,-1,-1,0.000000,0.000000,0.000000,False,Sin AprilTag: medicion congelada
1777384594.812386,False,False,0.00000000,-1,-1,0.000000,0.000000,0.000000,False,Sin AprilTag: medicion congelada
1777384594.846916,False,False,0.00000000,-1,-1,0.000000,0.000000,0.000000,False,Sin AprilTag: medicion congelada
1777384594.902139,False,False,0.00000000,-1,-1,0.000000,0.000000,0.000000,False,Sin AprilTag: medicion congelada
1777384594.935573,False,False,0.00000000,-1,-1,0.000000,0.000000,0.000000,False,Sin AprilTag: medicion congelada
1777384594.969096,False,False,0.00000000,-1,-1,0.000000,0.000000,0.000000,False,Sin AprilTag: medicion congelada
1777384595.003441,False,False,0.00000000,-1,-1,0.000000,0.000000,0.000000,False,Sin AprilTag: medicion congelada
1777384595.037658,False,False,0.00000000,-1,-1,0.000000,0.000000,0.000000,False,Sin AprilTag: medicion congelada
1777384595.070134,False,False,0.00000000,-1,-1,0.000000,0.000000,0.000000,False,Sin AprilTag: medicion congelada
1777384595.103648,False,False,0.00000000,-1,-1,0.000000,0.000000,0.000000,False,Sin AprilTag: medicion congelada
1777384595.137790,False,False,0.00000000,-1,-1,0.000000,0.000000,0.000000,False,Sin AprilTag: medicion congelada
1777384595.171857,False,False,0.00000000,-1,-1,0.000000,0.000000,0.000000,False,Sin AprilTag: medicion congelada
1777384595.206169,False,False,0.00000000,-1,-1,0.000000,0.000000,0.000000,False,Sin AprilTag: medicion congelada
1777384595.240963,False,False,0.00000000,-1,-1,0.000000,0.000000,0.000000,False,Sin AprilTag: medicion congelada
1777384595.275668,False,False,0.00000000,-1,-1,0.000000,0.000000,0.000000,False,Sin AprilTag: medicion congelada
1777384595.309406,False,False,0.00000000,-1,-1,0.000000,0.000000,0.000000,False,Sin AprilTag: medicion congelada
1777384595.343108,False,False,0.00000000,-1,-1,0.000000,0.000000,0.000000,False,Sin AprilTag: medicion congelada
1777384595.376799,False,False,0.00000000,-1,-1,0.000000,0.000000,0.000000,False,Sin AprilTag: medicion congelada
1777384595.410913,False,False,0.00000000,-1,-1,0.000000,0.000000,0.000000,False,Sin AprilTag: medicion congelada
1777384595.461800,False,False,0.00000000,-1,-1,0.000000,0.000000,0.000000,False,Sin AprilTag: medicion congelada
1777384595.511607,False,False,0.00000000,-1,-1,0.000000,0.000000,0.000000,False,Sin AprilTag: medicion congelada
1777384595.561686,False,False,0.00000000,-1,-1,0.000000,0.000000,0.000000,False,Sin AprilTag: medicion congelada
1777384595.611979,False,False,0.00000000,-1,-1,0.000000,0.000000,0.000000,False,Sin AprilTag: medicion congelada
1777384595.660755,False,False,0.00000000,-1,-1,0.000000,0.000000,0.000000,False,Sin AprilTag: medicion congelada
1777384595.726879,False,False,0.00000000,-1,-1,0.000000,0.000000,0.000000,False,Sin AprilTag: medicion congelada
1777384595.760834,False,False,0.00000000,-1,-1,0.000000,0.000000,0.000000,False,Sin AprilTag: medicion congelada
1777384595.811098,False,False,0.00000000,-1,-1,0.000000,0.000000,0.000000,False,Sin AprilTag: medicion congelada
1777384595.862247,False,False,0.00000000,-1,-1,0.000000,0.000000,0.000000,False,Sin AprilTag: medicion congelada
1777384595.912976,False,False,0.00000000,-1,-1,0.000000,0.000000,0.000000,False,Sin AprilTag: medicion congelada
1777384595.962850,False,False,0.00000000,-1,-1,0.000000,0.000000,0.000000,False,Sin AprilTag: medicion congelada
1777384596.014205,False,False,0.00000000,-1,-1,0.000000,0.000000,0.000000,False,Sin AprilTag: medicion congelada
1777384596.063908,False,False,0.00000000,-1,-1,0.000000,0.000000,0.000000,False,Sin AprilTag: medicion congelada
1777384596.113602,False,False,0.00000000,-1,-1,0.000000,0.000000,0.000000,False,Sin AprilTag: medicion congelada
1777384596.163967,False,False,0.00000000,-1,-1,0.000000,0.000000,0.000000,False,Sin AprilTag: medicion congelada
1777384596.213320,False,False,0.00000000,-1,-1,0.000000,0.000000,0.000000,False,Sin AprilTag: medicion congelada
1777384596.263034,False,False,0.00000000,-1,-1,0.000000,0.000000,0.000000,False,Sin AprilTag: medicion congelada
1777384596.313245,False,False,0.00000000,-1,-1,0.000000,0.000000,0.000000,False,Sin AprilTag: medicion congelada
1777384596.362016,False,False,0.00000000,-1,-1,0.000000,0.000000,0.000000,False,Sin AprilTag: medicion congelada
1777384596.411707,False,False,0.00000000,-1,-1,0.000000,0.000000,0.000000,False,Sin AprilTag: medicion congelada
1777384596.463972,False,False,0.00000000,-1,-1,0.000000,0.000000,0.000000,False,Sin AprilTag: medicion congelada
1777384596.512230,False,False,0.00000000,-1,-1,0.000000,0.000000,0.000000,False,Sin AprilTag: medicion congelada
1777384596.593014,False,False,0.00000000,-1,-1,0.000000,0.000000,0.000000,False,Sin AprilTag: medicion congelada
1777384596.644252,False,False,0.00000000,-1,-1,0.000000,0.000000,0.000000,False,Sin AprilTag: medicion congelada
1777384596.692734,False,False,0.00000000,-1,-1,0.000000,0.000000,0.000000,False,Sin AprilTag: medicion congelada
1777384596.743968,False,False,0.00000000,-1,-1,0.000000,0.000000,0.000000,False,Sin AprilTag: medicion congelada
1777384596.793443,False,False,0.00000000,-1,-1,0.000000,0.000000,0.000000,False,Sin AprilTag: medicion congelada
1777384596.861346,False,False,0.00000000,-1,-1,0.000000,0.000000,0.000000,False,Sin AprilTag: medicion congelada
1777384596.929912,False,False,0.00000000,-1,-1,0.000000,0.000000,0.000000,False,Sin AprilTag: medicion congelada
1777384596.997996,False,False,0.00000000,-1,-1,0.000000,0.000000,0.000000,False,Sin AprilTag: medicion congelada
1777384597.064243,False,False,0.00000000,-1,-1,0.000000,0.000000,0.000000,False,Sin AprilTag: medicion congelada
1777384597.129777,False,False,0.00000000,-1,-1,0.000000,0.000000,0.000000,False,Sin AprilTag: medicion congelada
1777384597.195034,False,False,0.00000000,-1,-1,0.000000,0.000000,0.000000,False,Sin AprilTag: medicion congelada
1777384597.245359,False,False,0.00000000,-1,-1,0.000000,0.000000,0.000000,False,Sin AprilTag: medicion congelada
1777384597.295125,False,False,0.00000000,-1,-1,0.000000,0.000000,0.000000,False,Sin AprilTag: medicion congelada
1777384597.343888,False,False,0.00000000,-1,-1,0.000000,0.000000,0.000000,False,Sin AprilTag: medicion congelada
1777384597.393257,False,False,0.00000000,-1,-1,0.000000,0.000000,0.000000,False,Sin AprilTag: medicion congelada
